load_zone,TIMEPOINT,zone_demand_mw
Anhui,2025.01.22.00,26686.3437216117
Beijing,2025.01.22.00,13821.3058951078
Chongqing,2025.01.22.00,16578.3402406925
East_Inner_Mongolia,2025.01.22.00,10271.9639745685
Fujian,2025.01.22.00,26389.3626725232
Gansu,2025.01.22.00,18869.163218949
Guangdong,2025.01.22.00,63680.349508522
Guangxi,2025.01.22.00,22030.4405049474
Guizhou,2025.01.22.00,18478.5989080607
Hainan,2025.01.22.00,4250.28448159577
Hebei,2025.01.22.00,75231.4092468281
Heilongjiang,2025.01.22.00,14660.9775177872
Henan,2025.01.22.00,61296.8099787539
Hubei,2025.01.22.00,34178.9138691013
Hunan,2025.01.22.00,33331.8054395625
Jiangsu,2025.01.22.00,81638.1711360816
Jiangxi,2025.01.22.00,15331.6745517958
Jilin,2025.01.22.00,12615.2563877182
Liaoning,2025.01.22.00,42546.2226817465
Ningxia,2025.01.22.00,13288.8168462337
Qinghai,2025.01.22.00,10023.6947026579
Shaanxi,2025.01.22.00,23678.278508593
Shandong,2025.01.22.00,76995.0727847645
Shanghai,2025.01.22.00,25812.4260259899
Shanxi,2025.01.22.00,39416.5638389789
Sichuan,2025.01.22.00,35258.497230838
Tianjin,2025.01.22.00,13617.9239740677
Tibet,2025.01.22.00,737.68203536886
West_Inner_Mongolia,2025.01.22.00,29649.3369931717
Xinjiang,2025.01.22.00,20900.7159975447
Yunnan,2025.01.22.00,21209.5470784012
Zhejiang,2025.01.22.00,53402.7448201187
Anhui,2025.01.22.04,22886.0690335709
Beijing,2025.01.22.04,12070.8499583101
Chongqing,2025.01.22.04,13370.8635377752
East_Inner_Mongolia,2025.01.22.04,9915.88549941953
Fujian,2025.01.22.04,23940.2786759126
Gansu,2025.01.22.04,17938.3267899171
Guangdong,2025.01.22.04,55444.4725188261
Guangxi,2025.01.22.04,18765.5870082219
Guizhou,2025.01.22.04,16218.1742551233
Hainan,2025.01.22.04,3520.05211439523
Hebei,2025.01.22.04,65520.0178931411
Heilongjiang,2025.01.22.04,14070.2880176847
Henan,2025.01.22.04,55079.329379801
Hubei,2025.01.22.04,30834.6390558566
Hunan,2025.01.22.04,25561.3205871661
Jiangsu,2025.01.22.04,75081.3567344842
Jiangxi,2025.01.22.04,13797.6408354984
Jilin,2025.01.22.04,11906.7972751725
Liaoning,2025.01.22.04,39468.8972889955
Ningxia,2025.01.22.04,12813.0560736173
Qinghai,2025.01.22.04,9866.7438780036
Shaanxi,2025.01.22.04,19875.7216982115
Shandong,2025.01.22.04,70339.7260963119
Shanghai,2025.01.22.04,22475.602521593
Shanxi,2025.01.22.04,37351.9472097604
Sichuan,2025.01.22.04,29325.5212679621
Tianjin,2025.01.22.04,12957.8260540569
Tibet,2025.01.22.04,625.478858597231
West_Inner_Mongolia,2025.01.22.04,28734.8166167118
Xinjiang,2025.01.22.04,19789.1118607617
Yunnan,2025.01.22.04,19359.916465962
Zhejiang,2025.01.22.04,46599.9204671272
Anhui,2025.01.22.08,24080.9310511817
Beijing,2025.01.22.08,16366.0759274511
Chongqing,2025.01.22.08,13863.9961214328
East_Inner_Mongolia,2025.01.22.08,11374.3125073558
Fujian,2025.01.22.08,24950.6593451096
Gansu,2025.01.22.08,19544.0118848852
Guangdong,2025.01.22.08,61039.7728747142
Guangxi,2025.01.22.08,21286.3894415819
Guizhou,2025.01.22.08,21478.2159147983
Hainan,2025.01.22.08,3726.39115249157
Hebei,2025.01.22.08,76712.0125264366
Heilongjiang,2025.01.22.08,18270.1652494006
Henan,2025.01.22.08,56914.9075420627
Hubei,2025.01.22.08,30988.792175971
Hunan,2025.01.22.08,27404.8689513638
Jiangsu,2025.01.22.08,82359.0754177818
Jiangxi,2025.01.22.08,13812.1904923279
Jilin,2025.01.22.08,15217.876372922
Liaoning,2025.01.22.08,42591.1715055375
Ningxia,2025.01.22.08,12873.1204186263
Qinghai,2025.01.22.08,10077.4222424172
Shaanxi,2025.01.22.08,21461.7772834896
Shandong,2025.01.22.08,76798.1977990172
Shanghai,2025.01.22.08,28146.4632403253
Shanxi,2025.01.22.08,39609.249293272
Sichuan,2025.01.22.08,30412.9533016759
Tianjin,2025.01.22.08,17568.0516365892
Tibet,2025.01.22.08,759.133986025706
West_Inner_Mongolia,2025.01.22.08,29734.7406650794
Xinjiang,2025.01.22.08,20269.7512763472
Yunnan,2025.01.22.08,23219.9361047124
Zhejiang,2025.01.22.08,58813.9765865356
Anhui,2025.01.22.12,28458.3607328437
Beijing,2025.01.22.12,20472.1249136983
Chongqing,2025.01.22.12,17377.8380998608
East_Inner_Mongolia,2025.01.22.12,11939.1447132419
Fujian,2025.01.22.12,29816.9709243477
Gansu,2025.01.22.12,20773.0009913255
Guangdong,2025.01.22.12,71131.4801673816
Guangxi,2025.01.22.12,25822.9886577709
Guizhou,2025.01.22.12,24692.81961213
Hainan,2025.01.22.12,4055.84240927438
Hebei,2025.01.22.12,96129.3729371842
Heilongjiang,2025.01.22.12,18834.0093622276
Henan,2025.01.22.12,68697.4902883387
Hubei,2025.01.22.12,36472.2561242696
Hunan,2025.01.22.12,34262.8823609368
Jiangsu,2025.01.22.12,95284.0791132973
Jiangxi,2025.01.22.12,16562.7446155635
Jilin,2025.01.22.12,16090.9919486943
Liaoning,2025.01.22.12,44667.1059739604
Ningxia,2025.01.22.12,13029.4613457525
Qinghai,2025.01.22.12,9945.43478591948
Shaanxi,2025.01.22.12,27314.1090508145
Shandong,2025.01.22.12,84114.9498879629
Shanghai,2025.01.22.12,34615.5286520868
Shanxi,2025.01.22.12,44614.1179616151
Sichuan,2025.01.22.12,43319.3154603965
Tianjin,2025.01.22.12,18319.7618726644
Tibet,2025.01.22.12,880.917572450671
West_Inner_Mongolia,2025.01.22.12,30905.0115286754
Xinjiang,2025.01.22.12,21523.1995414471
Yunnan,2025.01.22.12,26433.6910839466
Zhejiang,2025.01.22.12,63712.8663197302
Anhui,2025.01.22.16,29057.0631987416
Beijing,2025.01.22.16,20282.9479308046
Chongqing,2025.01.22.16,18565.6908517714
East_Inner_Mongolia,2025.01.22.16,11762.8423645628
Fujian,2025.01.22.16,30301.4230856944
Gansu,2025.01.22.16,19969.0268698645
Guangdong,2025.01.22.16,77393.1085613379
Guangxi,2025.01.22.16,26960.2561489736
Guizhou,2025.01.22.16,22921.0821225865
Hainan,2025.01.22.16,3945.7970658871
Hebei,2025.01.22.16,95310.9159921388
Heilongjiang,2025.01.22.16,19543.3619368077
Henan,2025.01.22.16,68197.4302122323
Hubei,2025.01.22.16,38143.2311215781
Hunan,2025.01.22.16,33535.3197645119
Jiangsu,2025.01.22.16,97104.9354430198
Jiangxi,2025.01.22.16,17222.9961431385
Jilin,2025.01.22.16,16871.2008274444
Liaoning,2025.01.22.16,46117.7704063008
Ningxia,2025.01.22.16,13243.4955785531
Qinghai,2025.01.22.16,10247.6251478795
Shaanxi,2025.01.22.16,27622.2446101511
Shandong,2025.01.22.16,84522.7563462551
Shanghai,2025.01.22.16,34185.5157710586
Shanxi,2025.01.22.16,43324.6013206792
Sichuan,2025.01.22.16,44204.3922837775
Tianjin,2025.01.22.16,18605.2365324251
Tibet,2025.01.22.16,819.588273230157
West_Inner_Mongolia,2025.01.22.16,30911.9926002515
Xinjiang,2025.01.22.16,21350.1940229887
Yunnan,2025.01.22.16,25227.7198945738
Zhejiang,2025.01.22.16,68711.5403937895
Anhui,2025.01.22.20,30478.0378769109
Beijing,2025.01.22.20,19905.7339658912
Chongqing,2025.01.22.20,16985.0609928577
East_Inner_Mongolia,2025.01.22.20,12248.4216505936
Fujian,2025.01.22.20,29276.7638369236
Gansu,2025.01.22.20,20419.0467517252
Guangdong,2025.01.22.20,71304.9950264005
Guangxi,2025.01.22.20,26626.5996926388
Guizhou,2025.01.22.20,25124.4950098796
Hainan,2025.01.22.20,4336.38183708987
Hebei,2025.01.22.20,64572.4651025852
Heilongjiang,2025.01.22.20,19336.0482218094
Henan,2025.01.22.20,65618.8965094352
Hubei,2025.01.22.20,35750.8008245248
Hunan,2025.01.22.20,34445.6582549763
Jiangsu,2025.01.22.20,94055.1429716677
Jiangxi,2025.01.22.20,17309.062871715
Jilin,2025.01.22.20,16414.4238565765
Liaoning,2025.01.22.20,45152.7313015086
Ningxia,2025.01.22.20,14133.6975927103
Qinghai,2025.01.22.20,10161.3056961229
Shaanxi,2025.01.22.20,26823.1889135742
Shandong,2025.01.22.20,79307.6103605083
Shanghai,2025.01.22.20,31609.425233057
Shanxi,2025.01.22.20,45275.7381651039
Sichuan,2025.01.22.20,40299.8124381143
Tianjin,2025.01.22.20,17084.2055962846
Tibet,2025.01.22.20,853.751632750424
West_Inner_Mongolia,2025.01.22.20,31602.1244863295
Xinjiang,2025.01.22.20,21787.8838868871
Yunnan,2025.01.22.20,26233.5305972329
Zhejiang,2025.01.22.20,61017.1956232343
Anhui,2025.02.08.00,23804.5076753008
Beijing,2025.02.08.00,12041.0440831146
Chongqing,2025.02.08.00,14570.138523438
East_Inner_Mongolia,2025.02.08.00,10183.2471922665
Fujian,2025.02.08.00,21630.1124933074
Gansu,2025.02.08.00,17563.1128030055
Guangdong,2025.02.08.00,49849.2076451197
Guangxi,2025.02.08.00,19197.9549507962
Guizhou,2025.02.08.00,17750.7138868256
Hainan,2025.02.08.00,3981.72253170655
Hebei,2025.02.08.00,64702.1238089869
Heilongjiang,2025.02.08.00,13734.5965611368
Henan,2025.02.08.00,56482.0187104873
Hubei,2025.02.08.00,30234.7209834077
Hunan,2025.02.08.00,31076.2683142048
Jiangsu,2025.02.08.00,68439.0897883719
Jiangxi,2025.02.08.00,13448.9113127429
Jilin,2025.02.08.00,11670.96389568
Liaoning,2025.02.08.00,38677.7511669292
Ningxia,2025.02.08.00,12153.9028694255
Qinghai,2025.02.08.00,10381.6837374911
Shaanxi,2025.02.08.00,20907.858260666
Shandong,2025.02.08.00,71301.1970017596
Shanghai,2025.02.08.00,22248.6785866948
Shanxi,2025.02.08.00,36086.7310366785
Sichuan,2025.02.08.00,30600.4044517649
Tianjin,2025.02.08.00,11684.6643228272
Tibet,2025.02.08.00,510.44961517706
West_Inner_Mongolia,2025.02.08.00,29393.2622400259
Xinjiang,2025.02.08.00,20722.4569887896
Yunnan,2025.02.08.00,14751.5121706884
Zhejiang,2025.02.08.00,39622.6793790044
Anhui,2025.02.08.04,20414.6214876903
Beijing,2025.02.08.04,10516.0567005553
Chongqing,2025.02.08.04,11751.1965067037
East_Inner_Mongolia,2025.02.08.04,9830.24409166525
Fujian,2025.02.08.04,19622.7141711265
Gansu,2025.02.08.04,16696.7052673594
Guangdong,2025.02.08.04,43402.133384887
Guangxi,2025.02.08.04,16352.8683835525
Guizhou,2025.02.08.04,15579.3289524669
Hainan,2025.02.08.04,3297.63122382964
Hebei,2025.02.08.04,56349.9255447989
Heilongjiang,2025.02.08.04,13181.2308686403
Henan,2025.02.08.04,50752.9137922399
Hubei,2025.02.08.04,27276.3702219547
Hunan,2025.02.08.04,23831.6060758396
Jiangsu,2025.02.08.04,62942.3668300806
Jiangxi,2025.02.08.04,12103.2602991147
Jilin,2025.02.08.04,11015.535225032
Liaoning,2025.02.08.04,35880.2284187684
Ningxia,2025.02.08.04,11718.7738217179
Qinghai,2025.02.08.04,10219.1275272079
Shaanxi,2025.02.08.04,17550.210499629
Shandong,2025.02.08.04,65138.0209934077
Shanghai,2025.02.08.04,19372.5477815118
Shanxi,2025.02.08.04,34196.5291079455
Sichuan,2025.02.08.04,25451.2495437159
Tianjin,2025.02.08.04,11118.2767713758
Tibet,2025.02.08.04,432.809025249879
West_Inner_Mongolia,2025.02.08.04,28486.6403733944
Xinjiang,2025.02.08.04,19620.3335536043
Yunnan,2025.02.08.04,13465.0703438159
Zhejiang,2025.02.08.04,34575.258518556
Anhui,2025.02.08.08,21480.4513505541
Beijing,2025.02.08.08,14258.0334452905
Chongqing,2025.02.08.08,12184.5939367236
East_Inner_Mongolia,2025.02.08.08,11276.074973711
Fujian,2025.02.08.08,20450.875419543
Gansu,2025.02.08.08,18191.2510573237
Guangdong,2025.02.08.08,47782.1547169017
Guangxi,2025.02.08.08,18549.5676072759
Guizhou,2025.02.08.08,20632.1738677243
Hainan,2025.02.08.08,3490.93235478132
Hebei,2025.02.08.08,65975.5038728233
Heilongjiang,2025.02.08.08,17115.7310964687
Henan,2025.02.08.08,52444.3094805533
Hubei,2025.02.08.08,27412.7343145421
Hunan,2025.02.08.08,25550.4029684922
Jiangsu,2025.02.08.08,69043.4398390591
Jiangxi,2025.02.08.08,12116.0232261955
Jilin,2025.02.08.08,14078.7694089363
Liaoning,2025.02.08.08,38718.6130651719
Ningxia,2025.02.08.08,11773.7084501051
Qinghai,2025.02.08.08,10437.3301176253
Shaanxi,2025.02.08.08,18950.6934510606
Shandong,2025.02.08.08,71118.8811517217
Shanghai,2025.02.08.08,24260.4710365346
Shanxi,2025.02.08.08,36263.1388075881
Sichuan,2025.02.08.08,26395.0180721245
Tianjin,2025.02.08.08,15074.0147008122
Tibet,2025.02.08.08,525.293598672075
West_Inner_Mongolia,2025.02.08.08,29477.9282993452
Xinjiang,2025.02.08.08,20096.8736691562
Yunnan,2025.02.08.08,16149.7635373877
Zhejiang,2025.02.08.08,43637.594755516
Anhui,2025.02.08.12,25385.1660444155
Beijing,2025.02.08.12,17835.2002648406
Chongqing,2025.02.08.12,15272.7899582711
East_Inner_Mongolia,2025.02.08.12,11836.0288431883
Fujian,2025.02.08.12,24439.5608680173
Gansu,2025.02.08.12,19335.1742965058
Guangdong,2025.02.08.12,55681.9796426212
Guangxi,2025.02.08.12,22502.889710057
Guizhou,2025.02.08.12,23720.1520621086
Hainan,2025.02.08.12,3799.56663512452
Hebei,2025.02.08.12,82675.237001814
Heilongjiang,2025.02.08.12,17643.9476770927
Henan,2025.02.08.12,63301.3844142031
Hubei,2025.02.08.12,32263.4151505198
Hunan,2025.02.08.12,31944.3399907378
Jiangsu,2025.02.08.12,79878.7571437295
Jiangxi,2025.02.08.12,14528.8032744103
Jilin,2025.02.08.12,14886.5294772544
Liaoning,2025.02.08.12,40605.7953283099
Ningxia,2025.02.08.12,11916.6972853637
Qinghai,2025.02.08.12,10300.6288242079
Shaanxi,2025.02.08.12,24118.2871611023
Shandong,2025.02.08.12,77894.550856786
Shanghai,2025.02.08.12,29836.3962501378
Shanxi,2025.02.08.12,40845.2061396419
Sichuan,2025.02.08.12,37596.2867896233
Tianjin,2025.02.08.12,15719.0088859243
Tibet,2025.02.08.12,609.563489824328
West_Inner_Mongolia,2025.02.08.12,30638.0917928311
Xinjiang,2025.02.08.12,21339.6314657913
Yunnan,2025.02.08.12,18384.9713668873
Zhejiang,2025.02.08.12,47272.3730401396
Anhui,2025.02.08.16,25919.2151293468
Beijing,2025.02.08.16,17670.3903396554
Chongqing,2025.02.08.16,16316.7532796597
East_Inner_Mongolia,2025.02.08.16,11661.2491806407
Fujian,2025.02.08.16,24836.6433924265
Gansu,2025.02.08.16,18586.8481507159
Guangdong,2025.02.08.16,60583.6049699937
Guangxi,2025.02.08.16,23493.9370773673
Guizhou,2025.02.08.16,22018.2045597074
Hainan,2025.02.08.16,3696.47470676729
Hebei,2025.02.08.16,81971.3301745883
Heilongjiang,2025.02.08.16,18308.4784984272
Henan,2025.02.08.16,62840.603460271
Hubei,2025.02.08.16,33741.5622621384
Hunan,2025.02.08.16,31266.0109844415
Jiangsu,2025.02.08.16,81405.221395775
Jiangxi,2025.02.08.16,15107.9744672543
Jilin,2025.02.08.16,15608.3372134687
Liaoning,2025.02.08.16,41924.5595899572
Ningxia,2025.02.08.16,12112.4522051803
Qinghai,2025.02.08.16,10613.6116972352
Shaanxi,2025.02.08.16,24390.3700575571
Shandong,2025.02.08.16,78272.1995500026
Shanghai,2025.02.08.16,29465.7523452022
Shanxi,2025.02.08.16,39664.6252960435
Sichuan,2025.02.08.16,38364.4337866159
Tianjin,2025.02.08.16,15963.9563227236
Tibet,2025.02.08.16,567.125805720313
West_Inner_Mongolia,2025.02.08.16,30645.012570439
Xinjiang,2025.02.08.16,21168.1014849285
Yunnan,2025.02.08.16,17546.2029287037
Zhejiang,2025.02.08.16,50981.1872747588
Anhui,2025.02.08.20,27186.7399347586
Beijing,2025.02.08.20,17341.763651645
Chongqing,2025.02.08.20,14927.5915382373
East_Inner_Mongolia,2025.02.08.20,12142.6346209847
Fujian,2025.02.08.20,23996.7786676411
Gansu,2025.02.08.20,19005.7193988472
Guangdong,2025.02.08.20,55817.8077010961
Guangxi,2025.02.08.20,23203.1793135215
Guizhou,2025.02.08.20,24134.8234620107
Hainan,2025.02.08.20,4062.37966931125
Hebei,2025.02.08.20,55534.9909505398
Heilongjiang,2025.02.08.20,18114.2642836085
Henan,2025.02.08.20,60464.6105024403
Hubei,2025.02.08.20,31625.2146572764
Hunan,2025.02.08.20,32114.747583415
Jiangsu,2025.02.08.20,78848.5127155322
Jiangxi,2025.02.08.20,15183.4720129198
Jilin,2025.02.08.20,15185.7514671681
Liaoning,2025.02.08.20,41047.2656726872
Ningxia,2025.02.08.20,12926.6276836617
Qinghai,2025.02.08.20,10524.2094084472
Shaanxi,2025.02.08.20,23684.805958362
Shandong,2025.02.08.20,73442.7197161157
Shanghai,2025.02.08.20,27245.3252403452
Shanxi,2025.02.08.20,41450.9339861703
Sichuan,2025.02.08.20,34975.6982512001
Tianjin,2025.02.08.20,14658.8575464871
Tibet,2025.02.08.20,590.765630040498
West_Inner_Mongolia,2025.02.08.20,31329.1839403542
Xinjiang,2025.02.08.20,21602.0583589481
Yunnan,2025.02.08.20,18245.7571797604
Zhejiang,2025.02.08.20,45272.2942786749
Anhui,2025.03.21.00,22512.6515205061
Beijing,2025.03.21.00,9969.46693451229
Chongqing,2025.03.21.00,15040.142991936
East_Inner_Mongolia,2025.03.21.00,10137.690049143
Fujian,2025.03.21.00,27118.3510815825
Gansu,2025.03.21.00,17533.2940223105
Guangdong,2025.03.21.00,72236.5145447556
Guangxi,2025.03.21.00,20751.2526331834
Guizhou,2025.03.21.00,18206.8557699972
Hainan,2025.03.21.00,4577.22934222016
Hebei,2025.03.21.00,66945.0478599914
Heilongjiang,2025.03.21.00,13533.2091887243
Henan,2025.03.21.00,52179.8818262053
Hubei,2025.03.21.00,29198.0686185723
Hunan,2025.03.21.00,28263.8106965227
Jiangsu,2025.03.21.00,75324.4283505639
Jiangxi,2025.03.21.00,14034.3788467926
Jilin,2025.03.21.00,11232.7626470683
Liaoning,2025.03.21.00,40399.3935550232
Ningxia,2025.03.21.00,13577.7051326819
Qinghai,2025.03.21.00,8730.31462958398
Shaanxi,2025.03.21.00,20046.6414385176
Shandong,2025.03.21.00,69982.5121315006
Shanghai,2025.03.21.00,22001.1951066794
Shanxi,2025.03.21.00,34868.4980436207
Sichuan,2025.03.21.00,29431.8791869359
Tianjin,2025.03.21.00,12085.9077218545
Tibet,2025.03.21.00,553.261485820715
West_Inner_Mongolia,2025.03.21.00,29261.761685401
Xinjiang,2025.03.21.00,19860.8781217202
Yunnan,2025.03.21.00,19034.2087283611
Zhejiang,2025.03.21.00,54940.5196812583
Anhui,2025.03.21.04,19306.7323947333
Beijing,2025.03.21.04,8706.84293105956
Chongqing,2025.03.21.04,12130.2673617586
East_Inner_Mongolia,2025.03.21.04,9786.26619065116
Fujian,2025.03.21.04,24601.6127854536
Gansu,2025.03.21.04,16668.3574796818
Guangdong,2025.03.21.04,62894.0556457923
Guangxi,2025.03.21.04,17675.9714237283
Guizhou,2025.03.21.04,15979.6725382087
Hainan,2025.03.21.04,3790.82527156033
Hebei,2025.03.21.04,58303.3174249459
Heilongjiang,2025.03.21.04,12987.9573758236
Henan,2025.03.21.04,46887.1528404304
Hubei,2025.03.21.04,26341.1502902004
Hunan,2025.03.21.04,21674.8032907717
Jiangsu,2025.03.21.04,69274.7056567788
Jiangxi,2025.03.21.04,12630.1480000226
Jilin,2025.03.21.04,10601.9428831413
Liaoning,2025.03.21.04,37477.3461486396
Ningxia,2025.03.21.04,13091.6017000718
Qinghai,2025.03.21.04,8593.61552598482
Shaanxi,2025.03.21.04,16827.2987443412
Shandong,2025.03.21.04,63933.3214038552
Shanghai,2025.03.21.04,19157.0569817751
Shanxi,2025.03.21.04,33042.1064486856
Sichuan,2025.03.21.04,24479.3529741728
Tianjin,2025.03.21.04,11500.070808399
Tibet,2025.03.21.04,469.109109433461
West_Inner_Mongolia,2025.03.21.04,28359.1958938429
Xinjiang,2025.03.21.04,18804.577740296
Yunnan,2025.03.21.04,17374.2838361701
Zhejiang,2025.03.21.04,47941.8025457888
Anhui,2025.03.21.08,20314.7203191254
Beijing,2025.03.21.08,11805.0388324155
Chongqing,2025.03.21.08,12577.6453540373
East_Inner_Mongolia,2025.03.21.08,11225.6288093638
Fujian,2025.03.21.08,25639.9045416186
Gansu,2025.03.21.08,18160.3658189306
Guangdong,2025.03.21.08,69241.1469959473
Guangxi,2025.03.21.08,20050.4045686874
Guizhou,2025.03.21.08,21162.3609183383
Hainan,2025.03.21.08,4013.03653852604
Hebei,2025.03.21.08,68262.5701343629
Heilongjiang,2025.03.21.08,16864.76689107
Henan,2025.03.21.08,48449.717868248
Hubei,2025.03.21.08,26472.8388920122
Hunan,2025.03.21.08,23238.0460041029
Jiangsu,2025.03.21.08,75989.5792494495
Jiangxi,2025.03.21.08,12643.4665318859
Jilin,2025.03.21.08,13550.1640264625
Liaoning,2025.03.21.08,40442.0743174436
Ningxia,2025.03.21.08,13152.9717960672
Qinghai,2025.03.21.08,8777.10958297053
Shaanxi,2025.03.21.08,18170.0943199609
Shandong,2025.03.21.08,69803.5681344352
Shanghai,2025.03.21.08,23990.6093557368
Shanxi,2025.03.21.08,35038.950557277
Sichuan,2025.03.21.08,25387.0821956065
Tianjin,2025.03.21.08,15591.6460788677
Tibet,2025.03.21.08,569.350447629612
West_Inner_Mongolia,2025.03.21.08,29346.0489628869
Xinjiang,2025.03.21.08,19261.3047181927
Yunnan,2025.03.21.08,20838.4039905495
Zhejiang,2025.03.21.08,60507.5722056948
Anhui,2025.03.21.12,24007.5285212085
Beijing,2025.03.21.12,14766.7791998267
Chongqing,2025.03.21.12,15765.4606020863
East_Inner_Mongolia,2025.03.21.12,11783.0775939607
Fujian,2025.03.21.12,30640.6447078657
Gansu,2025.03.21.12,19302.3468969147
Guangdong,2025.03.21.12,80688.7876928727
Guangxi,2025.03.21.12,24323.5881398238
Guizhou,2025.03.21.12,24329.691199504
Hainan,2025.03.21.12,4367.83019196436
Hebei,2025.03.21.12,85541.2059465321
Heilongjiang,2025.03.21.12,17385.2383480013
Henan,2025.03.21.12,58479.8283343761
Hubei,2025.03.21.12,31157.2053187239
Hunan,2025.03.21.12,29053.3203406175
Jiangsu,2025.03.21.12,87914.9874408066
Jiangxi,2025.03.21.12,15161.2814302966
Jilin,2025.03.21.12,14327.5957111373
Liaoning,2025.03.21.12,42413.2597317539
Ningxia,2025.03.21.12,13312.7114503383
Qinghai,2025.03.21.12,8662.15276748831
Shaanxi,2025.03.21.12,23124.829372859
Shandong,2025.03.21.12,76453.924752179
Shanghai,2025.03.21.12,29504.5106890997
Shanxi,2025.03.21.12,39466.3342856914
Sichuan,2025.03.21.12,36160.6125962746
Tianjin,2025.03.21.12,16258.7889241413
Tibet,2025.03.21.12,660.688130728213
West_Inner_Mongolia,2025.03.21.12,30501.0220783331
Xinjiang,2025.03.21.12,20452.3922975826
Yunnan,2025.03.21.12,23722.543045968
Zhejiang,2025.03.21.12,65547.5293972116
Anhui,2025.03.21.16,24512.5950870833
Beijing,2025.03.21.16,14630.323665882
Chongqing,2025.03.21.16,16843.1001596488
East_Inner_Mongolia,2025.03.21.16,11609.0798491994
Fujian,2025.03.21.16,31138.4795345973
Gansu,2025.03.21.16,18555.2912646995
Guangdong,2025.03.21.16,87791.735683027
Guangxi,2025.03.21.16,25394.8206926252
Guizhou,2025.03.21.16,22584.0085806588
Hainan,2025.03.21.16,4249.31982473882
Hebei,2025.03.21.16,84812.8979179314
Heilongjiang,2025.03.21.16,18040.0252998744
Henan,2025.03.21.16,58054.1442622967
Hubei,2025.03.21.16,32584.6714698774
Hunan,2025.03.21.16,28436.381317242
Jiangsu,2025.03.21.16,89595.0221627533
Jiangxi,2025.03.21.16,15765.665513774
Jilin,2025.03.21.16,15022.3022538175
Liaoning,2025.03.21.16,43790.725453136
Ningxia,2025.03.21.16,13531.3986167651
Qinghai,2025.03.21.16,8925.35082131963
Shaanxi,2025.03.21.16,23385.7048866864
Shandong,2025.03.21.16,76824.5889957796
Shanghai,2025.03.21.16,29137.9896467009
Shanxi,2025.03.21.16,38325.6080505135
Sichuan,2025.03.21.16,36899.4266746614
Tianjin,2025.03.21.16,16512.1476887639
Tibet,2025.03.21.16,614.691159697031
West_Inner_Mongolia,2025.03.21.16,30507.9118935359
Xinjiang,2025.03.21.16,20287.9940292701
Yunnan,2025.03.21.16,22640.2612200497
Zhejiang,2025.03.21.16,70690.144299706
Anhui,2025.03.21.20,25711.3320921523
Beijing,2025.03.21.20,14358.234893737
Chongqing,2025.03.21.20,15409.1267491482
East_Inner_Mongolia,2025.03.21.20,12088.3116989461
Fujian,2025.03.21.20,30085.5147626935
Gansu,2025.03.21.20,18973.4513501782
Guangdong,2025.03.21.20,80885.616208011
Guangxi,2025.03.21.20,25080.5378521826
Guizhou,2025.03.21.20,24755.0184521485
Hainan,2025.03.21.20,4669.94956919828
Hebei,2025.03.21.20,57460.1328089896
Heilongjiang,2025.03.21.20,17848.6588054262
Henan,2025.03.21.20,55859.1265453311
Hubei,2025.03.21.20,30540.8866894118
Hunan,2025.03.21.20,29208.305742725
Jiangsu,2025.03.21.20,86781.0949116207
Jiangxi,2025.03.21.20,15844.4496720776
Jilin,2025.03.21.20,14615.5830291966
Liaoning,2025.03.21.20,42874.3810132989
Ningxia,2025.03.21.20,14440.9529131787
Qinghai,2025.03.21.20,8850.16936429778
Shaanxi,2025.03.21.20,22709.2037198947
Shandong,2025.03.21.20,72084.4283073765
Shanghai,2025.03.21.20,26942.2614930598
Shanxi,2025.03.21.20,40051.613684099
Sichuan,2025.03.21.20,33640.0954121596
Tianjin,2025.03.21.20,15162.2327111736
Tibet,2025.03.21.20,640.313677452068
West_Inner_Mongolia,2025.03.21.20,31189.0223948116
Xinjiang,2025.03.21.20,20703.9082516834
Yunnan,2025.03.21.20,23542.9118417185
Zhejiang,2025.03.21.20,62774.2347013323
Anhui,2025.04.11.00,21825.4673995159
Beijing,2025.04.11.00,8662.86218615796
Chongqing,2025.04.11.00,15541.4810916672
East_Inner_Mongolia,2025.04.11.00,10163.4259381448
Fujian,2025.04.11.00,28926.2395887979
Gansu,2025.04.11.00,17600.0874287279
Guangdong,2025.04.11.00,76818.5067020265
Guangxi,2025.04.11.00,20855.4824118337
Guizhou,2025.04.11.00,16707.7343883668
Hainan,2025.04.11.00,5067.64712180426
Hebei,2025.04.11.00,68049.9008454254
Heilongjiang,2025.04.11.00,13484.8766076173
Henan,2025.04.11.00,49709.9022477436
Hubei,2025.04.11.00,28574.0287976574
Hunan,2025.04.11.00,26788.8957935521
Jiangsu,2025.04.11.00,72221.3917380158
Jiangxi,2025.04.11.00,13770.9879344714
Jilin,2025.04.11.00,10892.899635968
Liaoning,2025.04.11.00,38115.9494146884
Ningxia,2025.04.11.00,13284.0023719931
Qinghai,2025.04.11.00,9856.63352732405
Shaanxi,2025.04.11.00,19063.6783479378
Shandong,2025.04.11.00,73054.6795396161
Shanghai,2025.04.11.00,19870.3720160726
Shanxi,2025.04.11.00,35247.5049637455
Sichuan,2025.04.11.00,31493.605872529
Tianjin,2025.04.11.00,11257.4840486941
Tibet,2025.04.11.00,571.703535348072
West_Inner_Mongolia,2025.04.11.00,29336.0493261504
Xinjiang,2025.04.11.00,19770.7591325578
Yunnan,2025.04.11.00,19528.1926986862
Zhejiang,2025.04.11.00,54171.6319239119
Anhui,2025.04.11.04,18717.4068806869
Beijing,2025.04.11.04,7565.71849666127
Chongqing,2025.04.11.04,12534.6096071506
East_Inner_Mongolia,2025.04.11.04,9811.10994294621
Fujian,2025.04.11.04,26241.7188848245
Gansu,2025.04.11.04,16731.8558944141
Guangdong,2025.04.11.04,66883.451750022
Guangxi,2025.04.11.04,17764.7546225785
Guizhou,2025.04.11.04,14663.9336167769
Hainan,2025.04.11.04,4196.98541200202
Hebei,2025.04.11.04,59265.5483348764
Heilongjiang,2025.04.11.04,12941.5721101762
Henan,2025.04.11.04,44667.7091400056
Hubei,2025.04.11.04,25778.1703573655
Hunan,2025.04.11.04,20543.7282656885
Jiangsu,2025.04.11.04,66420.8911282963
Jiangxi,2025.04.11.04,12393.1110608895
Jilin,2025.04.11.04,10281.1662100298
Liaoning,2025.04.11.04,35359.0612208756
Ningxia,2025.04.11.04,12808.4139652097
Qinghai,2025.04.11.04,9702.29854343644
Shaanxi,2025.04.11.04,16002.1922729866
Shandong,2025.04.11.04,66739.9349466847
Shanghai,2025.04.11.04,17301.6896180066
Shanxi,2025.04.11.04,33401.2612073416
Sichuan,2025.04.11.04,26194.1512360286
Tianjin,2025.04.11.04,10711.80309033
Tibet,2025.04.11.04,484.74607974791
West_Inner_Mongolia,2025.04.11.04,28431.1921659455
Xinjiang,2025.04.11.04,18719.2517276597
Yunnan,2025.04.11.04,17825.1887218646
Zhejiang,2025.04.11.04,47270.8612213085
Anhui,2025.04.11.08,19694.6266258994
Beijing,2025.04.11.08,10257.8628505638
Chongqing,2025.04.11.08,12996.9001991719
East_Inner_Mongolia,2025.04.11.08,11254.1265771603
Fujian,2025.04.11.08,27349.2300314849
Gansu,2025.04.11.08,18229.5480669035
Guangdong,2025.04.11.08,73633.1417439678
Guangxi,2025.04.11.08,20151.1141146114
Guizhou,2025.04.11.08,19419.8882948807
Hainan,2025.04.11.08,4443.00504599419
Hebei,2025.04.11.08,69389.167348306
Heilongjiang,2025.04.11.08,16804.5359656298
Henan,2025.04.11.08,46156.3088084998
Hubei,2025.04.11.08,25907.0444260462
Hunan,2025.04.11.08,22025.3949311326
Jiangsu,2025.04.11.08,72859.1413324733
Jiangxi,2025.04.11.08,12406.1796365348
Jilin,2025.04.11.08,13140.1847816739
Liaoning,2025.04.11.08,38156.2177860237
Ningxia,2025.04.11.08,12868.4565491962
Qinghai,2025.04.11.08,9909.46561024767
Shaanxi,2025.04.11.08,17279.1454733098
Shandong,2025.04.11.08,72867.8800669623
Shanghai,2025.04.11.08,21667.1108309948
Shanxi,2025.04.11.08,35419.8102294805
Sichuan,2025.04.11.08,27165.4676157009
Tianjin,2025.04.11.08,14522.9229831324
Tibet,2025.04.11.08,588.328795883933
West_Inner_Mongolia,2025.04.11.08,29420.5505860704
Xinjiang,2025.04.11.08,19173.9063010374
Yunnan,2025.04.11.08,21379.211212189
Zhejiang,2025.04.11.08,59660.7740362267
Anhui,2025.04.11.12,23274.7142470228
Beijing,2025.04.11.12,12831.4356205626
Chongqing,2025.04.11.12,16290.9759554892
East_Inner_Mongolia,2025.04.11.12,11812.9905204349
Fujian,2025.04.11.12,32683.3525869093
Gansu,2025.04.11.12,19375.8795428314
Guangdong,2025.04.11.12,85806.9110508231
Guangxi,2025.04.11.12,24445.761111866
Guizhou,2025.04.11.12,22326.4260148726
Hainan,2025.04.11.12,4835.8123322922
Hebei,2025.04.11.12,86952.967679309
Heilongjiang,2025.04.11.12,17323.1486078072
Henan,2025.04.11.12,55711.6353702955
Hubei,2025.04.11.12,30491.2935736251
Hunan,2025.04.11.12,27537.2057723711
Jiangsu,2025.04.11.12,84293.2749260977
Jiangxi,2025.04.11.12,14876.7413169451
Jilin,2025.04.11.12,13894.0941787708
Liaoning,2025.04.11.12,40015.9883649184
Ningxia,2025.04.11.12,13024.7408347586
Qinghai,2025.04.11.12,9779.67793938448
Shaanxi,2025.04.11.12,21990.9310179056
Shandong,2025.04.11.12,79810.1811752809
Shanghai,2025.04.11.12,26646.9889795494
Shanxi,2025.04.11.12,39895.3178853729
Sichuan,2025.04.11.12,38693.6924408748
Tianjin,2025.04.11.12,15144.3367909912
Tibet,2025.04.11.12,682.711068419154
West_Inner_Mongolia,2025.04.11.12,30578.4558635921
Xinjiang,2025.04.11.12,20359.5893052619
Yunnan,2025.04.11.12,24338.2006846591
Zhejiang,2025.04.11.12,64630.1974686056
Anhui,2025.04.11.16,23764.3639827744
Beijing,2025.04.11.16,12712.8640366589
Chongqing,2025.04.11.16,17404.5368316371
East_Inner_Mongolia,2025.04.11.16,11638.551059008
Fujian,2025.04.11.16,33214.3763733616
Gansu,2025.04.11.16,18625.9779884298
Guangdong,2025.04.11.16,93360.4019857678
Guangxi,2025.04.11.16,25522.3742715076
Guizhou,2025.04.11.16,20724.4799188246
Hainan,2025.04.11.16,4704.60441665755
Hebei,2025.04.11.16,86212.6397429565
Heilongjiang,2025.04.11.16,17975.5970497957
Henan,2025.04.11.16,55306.101419836
Hubei,2025.04.11.16,31888.251004049
Hunan,2025.04.11.16,26952.4610121674
Jiangsu,2025.04.11.16,85904.0995741454
Jiangxi,2025.04.11.16,15469.7825916758
Jilin,2025.04.11.16,14567.7813992375
Liaoning,2025.04.11.16,41315.5973227895
Ningxia,2025.04.11.16,13238.6975239892
Qinghai,2025.04.11.16,10076.8318074626
Shaanxi,2025.04.11.16,22239.014812875
Shandong,2025.04.11.16,80197.1172355663
Shanghai,2025.04.11.16,26315.9656224604
Shanxi,2025.04.11.16,38742.1924026977
Sichuan,2025.04.11.16,39484.2610365802
Tianjin,2025.04.11.16,15380.3291812176
Tibet,2025.04.11.16,635.180865020265
West_Inner_Mongolia,2025.04.11.16,30585.3631701585
Xinjiang,2025.04.11.16,20195.9369962001
Yunnan,2025.04.11.16,23227.8310153738
Zhejiang,2025.04.11.16,69700.8419262951
Anhui,2025.04.11.20,24926.5103163992
Beijing,2025.04.11.20,12476.4353939866
Chongqing,2025.04.11.20,15922.7643074531
East_Inner_Mongolia,2025.04.11.20,12118.9995032285
Fujian,2025.04.11.20,32091.21401076
Gansu,2025.04.11.20,19045.7310624537
Guangdong,2025.04.11.20,86016.2244805281
Guangxi,2025.04.11.20,25206.512845354
Guizhou,2025.04.11.20,22716.732548581
Hainan,2025.04.11.20,5170.30166590688
Hebei,2025.04.11.20,58408.4479018434
Heilongjiang,2025.04.11.20,17784.914002746
Henan,2025.04.11.20,53214.9867541139
Hubei,2025.04.11.20,29888.1473007482
Hunan,2025.04.11.20,27684.1034370618
Jiangsu,2025.04.11.20,83206.0938039521
Jiangxi,2025.04.11.20,15547.0881643177
Jilin,2025.04.11.20,14173.3680360235
Liaoning,2025.04.11.20,40451.0462678909
Ningxia,2025.04.11.20,14128.5770222509
Qinghai,2025.04.11.20,9991.95100976453
Shaanxi,2025.04.11.20,21595.6850718171
Shandong,2025.04.11.20,75248.8678871166
Shanghai,2025.04.11.20,24332.894473486
Shanxi,2025.04.11.20,40486.9590416607
Sichuan,2025.04.11.20,35996.611011338
Tianjin,2025.04.11.20,14122.9435816373
Tibet,2025.04.11.20,661.65746670047
West_Inner_Mongolia,2025.04.11.20,31268.202825433
Xinjiang,2025.04.11.20,20609.9640024957
Yunnan,2025.04.11.20,24153.9076141489
Zhejiang,2025.04.11.20,61895.7147889131
Anhui,2025.05.22.00,22006.7485813567
Beijing,2025.05.22.00,9176.44097668742
Chongqing,2025.05.22.00,15381.9650955705
East_Inner_Mongolia,2025.05.22.00,9936.2787041881
Fujian,2025.05.22.00,28284.7314928172
Gansu,2025.05.22.00,16865.3578215571
Guangdong,2025.05.22.00,80792.6865797313
Guangxi,2025.05.22.00,21888.3080701947
Guizhou,2025.05.22.00,16984.0061887329
Hainan,2025.05.22.00,5231.11949462851
Hebei,2025.05.22.00,67599.2359330445
Heilongjiang,2025.05.22.00,13049.8805880167
Henan,2025.05.22.00,51209.9935774712
Hubei,2025.05.22.00,28854.5600965412
Hunan,2025.05.22.00,25145.0451170541
Jiangsu,2025.05.22.00,70919.4884950477
Jiangxi,2025.05.22.00,13680.5706820115
Jilin,2025.05.22.00,10541.5157767433
Liaoning,2025.05.22.00,37276.7345933541
Ningxia,2025.05.22.00,12999.9297263745
Qinghai,2025.05.22.00,9538.67760708779
Shaanxi,2025.05.22.00,17867.6588319495
Shandong,2025.05.22.00,70841.1912685239
Shanghai,2025.05.22.00,19402.6299506849
Shanxi,2025.05.22.00,35058.0011843101
Sichuan,2025.05.22.00,30776.4838021549
Tianjin,2025.05.22.00,11575.2352666037
Tibet,2025.05.22.00,553.261485820715
West_Inner_Mongolia,2025.05.22.00,28680.4039980264
Xinjiang,2025.05.22.00,19132.9927089269
Yunnan,2025.05.22.00,19170.1682924836
Zhejiang,2025.05.22.00,51585.3700736361
Anhui,2025.05.22.04,18872.8726756784
Beijing,2025.05.22.04,8014.25299617233
Chongqing,2025.05.22.04,12405.9557983292
East_Inner_Mongolia,2025.05.22.04,9591.8367865176
Fujian,2025.05.22.04,25659.7464142797
Gansu,2025.05.22.04,16033.3713011799
Guangdong,2025.05.22.04,70343.6448663426
Guangxi,2025.05.22.04,18644.5182274845
Guizhou,2025.05.22.04,14906.4100200154
Hainan,2025.05.22.04,4332.3719429735
Hebei,2025.05.22.04,58873.058370663
Heilongjiang,2025.05.22.04,12524.102042106
Henan,2025.05.22.04,46015.64265365
Hubei,2025.05.22.04,26031.2527513258
Hunan,2025.05.22.04,19283.1006583546
Jiangsu,2025.05.22.04,65223.5509569182
Jiangxi,2025.05.22.04,12311.7406423772
Jilin,2025.05.22.04,9949.51568712566
Liaoning,2025.05.22.04,34580.5459614974
Ningxia,2025.05.22.04,12534.5115719862
Qinghai,2025.05.22.04,9389.32117106752
Shaanxi,2025.05.22.04,14998.244666036
Shandong,2025.05.22.04,64717.7775140752
Shanghai,2025.05.22.04,16894.4134970524
Shanxi,2025.05.22.04,33221.6835253692
Sichuan,2025.05.22.04,25597.6998788196
Tianjin,2025.05.22.04,11014.1520399921
Tibet,2025.05.22.04,469.109109433461
West_Inner_Mongolia,2025.05.22.04,27795.7699211383
Xinjiang,2025.05.22.04,18115.4048977351
Yunnan,2025.05.22.04,17498.3867127865
Zhejiang,2025.05.22.04,45014.055940307
Anhui,2025.05.22.08,19858.2091565871
Beijing,2025.05.22.08,10866.0014406741
Chongqing,2025.05.22.08,12863.5014922396
East_Inner_Mongolia,2025.05.22.08,11002.6027565354
Fujian,2025.05.22.08,26742.6958696497
Gansu,2025.05.22.08,17468.5411262087
Guangdong,2025.05.22.08,77442.5278257118
Guangxi,2025.05.22.08,21149.0573552014
Guizhou,2025.05.22.08,19741.0070879752
Hainan,2025.05.22.08,4586.32768860948
Hebei,2025.05.22.08,68929.6330560483
Heilongjiang,2025.05.22.08,16262.4541602869
Henan,2025.05.22.08,47549.1636628665
Hubei,2025.05.22.08,26161.3920672048
Hunan,2025.05.22.08,20673.8476095594
Jiangsu,2025.05.22.08,71545.7416582505
Jiangxi,2025.05.22.08,12324.7234126533
Jilin,2025.05.22.08,12716.3078532328
Liaoning,2025.05.22.08,37316.1163590933
Ningxia,2025.05.22.08,12593.2701712816
Qinghai,2025.05.22.08,9589.80542927194
Shaanxi,2025.05.22.08,16195.0842114435
Shandong,2025.05.22.08,70660.0516446898
Shanghai,2025.05.22.08,21157.0741209183
Shanxi,2025.05.22.08,35229.3800724446
Sichuan,2025.05.22.08,26546.8989939273
Tianjin,2025.05.22.08,14932.8437474466
Tibet,2025.05.22.08,569.350447629612
West_Inner_Mongolia,2025.05.22.08,28763.0166990723
Xinjiang,2025.05.22.08,18555.3931945523
Yunnan,2025.05.22.08,20987.2507518726
Zhejiang,2025.05.22.08,56812.4495835955
Anhui,2025.05.22.12,23468.0327967919
Beijing,2025.05.22.12,13592.1487711533
Chongqing,2025.05.22.12,16123.767229268
East_Inner_Mongolia,2025.05.22.12,11548.9763840793
Fujian,2025.05.22.12,31958.5215827296
Gansu,2025.05.22.12,18567.0180855947
Guangdong,2025.05.22.12,90246.1030360168
Guangxi,2025.05.22.12,25656.3880739243
Guizhou,2025.05.22.12,22695.6060465568
Hainan,2025.05.22.12,4991.80616877921
Hebei,2025.05.22.12,86377.1159723467
Heilongjiang,2025.05.22.12,16764.3373623941
Henan,2025.05.22.12,57392.8404703864
Hubei,2025.05.22.12,30790.6480066815
Hunan,2025.05.22.12,25847.4364482965
Jiangsu,2025.05.22.12,82773.7571579442
Jiangxi,2025.05.22.12,14779.063933025
Jilin,2025.05.22.12,13445.8975923588
Liaoning,2025.05.22.12,39134.9395902751
Ningxia,2025.05.22.12,12746.2123849876
Qinghai,2025.05.22.12,9464.20445746886
Shaanxi,2025.05.22.12,20611.2611455899
Shandong,2025.05.22.12,77392.0075407032
Shanghai,2025.05.22.12,26019.7275648373
Shanxi,2025.05.22.12,39680.825724046
Sichuan,2025.05.22.12,37812.6215039383
Tianjin,2025.05.22.12,15571.7974419639
Tibet,2025.05.22.12,660.688130728213
West_Inner_Mongolia,2025.05.22.12,29895.0434004715
Xinjiang,2025.05.22.12,19702.8283599309
Yunnan,2025.05.22.12,23891.9909415142
Zhejiang,2025.05.22.12,61544.6228209077
Anhui,2025.05.22.16,23961.7495374402
Beijing,2025.05.22.16,13466.5476571308
Chongqing,2025.05.22.16,17225.8986431062
East_Inner_Mongolia,2025.05.22.16,11378.4355530351
Fujian,2025.05.22.16,32477.7686549248
Gansu,2025.05.22.16,17848.4217662787
Guangdong,2025.05.22.16,98190.3713105487
Guangxi,2025.05.22.16,26786.3183265705
Guizhou,2025.05.22.16,21067.1708693589
Hainan,2025.05.22.16,4856.36574271386
Hebei,2025.05.22.16,85641.6909061002
Heilongjiang,2025.05.22.16,17395.7390804475
Henan,2025.05.22.16,56975.0687577209
Hubei,2025.05.22.16,32201.3203488253
Hunan,2025.05.22.16,25298.5734607887
Jiangsu,2025.05.22.16,84355.5441790134
Jiangxi,2025.05.22.16,15368.2114302785
Jilin,2025.05.22.16,14097.852967004
Liaoning,2025.05.22.16,40405.9345134407
Ningxia,2025.05.22.16,12955.5937029516
Qinghai,2025.05.22.16,9751.77271689933
Shaanxi,2025.05.22.16,20843.7806273681
Shandong,2025.05.22.16,77767.2198012744
Shanghai,2025.05.22.16,25696.4963894252
Shanxi,2025.05.22.16,38533.8998755677
Sichuan,2025.05.22.16,38585.1885348048
Tianjin,2025.05.22.16,15814.4509004261
Tibet,2025.05.22.16,614.691159697031
West_Inner_Mongolia,2025.05.22.16,29901.7963323562
Xinjiang,2025.05.22.16,19544.455157613
Yunnan,2025.05.22.16,22801.9784782256
Zhejiang,2025.05.22.16,66373.1845897158
Anhui,2025.05.22.20,25133.5485972575
Beijing,2025.05.22.20,13216.1023149265
Chongqing,2025.05.22.20,15759.334863751
East_Inner_Mongolia,2025.05.22.20,11848.146226761
Fujian,2025.05.22.20,31379.5150865167
Gansu,2025.05.22.20,18250.6519153493
Guangdong,2025.05.22.20,90466.2452263445
Guangxi,2025.05.22.20,26454.814501024
Guizhou,2025.05.22.20,23092.3665186782
Hainan,2025.05.22.20,5337.08547330861
Hebei,2025.05.22.20,58021.6341412212
Heilongjiang,2025.05.22.20,17211.2070994316
Henan,2025.05.22.20,54820.8507094196
Hubei,2025.05.22.20,30181.5802234518
Hunan,2025.05.22.20,25985.3200114976
Jiangsu,2025.05.22.20,81706.1741714001
Jiangxi,2025.05.22.20,15445.0094316764
Jilin,2025.05.22.20,13716.1626155066
Liaoning,2025.05.22.20,39560.4186411943
Ningxia,2025.05.22.20,13826.4435130008
Qinghai,2025.05.22.20,9669.63000944955
Shaanxi,2025.05.22.20,20240.8121907488
Shandong,2025.05.22.20,72968.8977670536
Shanghai,2025.05.22.20,23760.1060874063
Shanxi,2025.05.22.20,40269.2859960329
Sichuan,2025.05.22.20,35176.9537031408
Tianjin,2025.05.22.20,14521.5746171441
Tibet,2025.05.22.20,640.313677452068
West_Inner_Mongolia,2025.05.22.20,30569.3748791951
Xinjiang,2025.05.22.20,19945.1264540281
Yunnan,2025.05.22.20,23711.0766484544
Zhejiang,2025.05.22.20,58940.6898031611
Anhui,2025.06.16.00,24569.9880437197
Beijing,2025.06.16.00,11121.2426554151
Chongqing,2025.06.16.00,16247.9134391784
East_Inner_Mongolia,2025.06.16.00,10163.4259381448
Fujian,2025.06.16.00,31336.7591053496
Gansu,2025.06.16.00,17772.6367859983
Guangdong,2025.06.16.00,91602.4463008041
Guangxi,2025.06.16.00,23352.2671642349
Guizhou,2025.06.16.00,17550.1397283573
Hainan,2025.06.16.00,5743.33316709466
Hebei,2025.06.16.00,74359.1576478837
Heilongjiang,2025.06.16.00,12652.4765272359
Henan,2025.06.16.00,59331.1755946737
Hubei,2025.06.16.00,32301.0787039631
Hunan,2025.06.16.00,29810.1995991873
Jiangsu,2025.06.16.00,76317.9808460842
Jiangxi,2025.06.16.00,14867.7932452928
Jilin,2025.06.16.00,10535.7554196335
Liaoning,2025.06.16.00,37510.934917022
Ningxia,2025.06.16.00,13881.0369585108
Qinghai,2025.06.16.00,10023.6946738691
Shaanxi,2025.06.16.00,19363.8928503821
Shandong,2025.06.16.00,80300.9922146555
Shanghai,2025.06.16.00,21839.5069453928
Shanxi,2025.06.16.00,36618.2410478787
Sichuan,2025.06.16.00,34272.4523798087
Tianjin,2025.06.16.00,12664.6688356201
Tibet,2025.06.16.00,571.703535348072
West_Inner_Mongolia,2025.06.16.00,29336.0493261504
Xinjiang,2025.06.16.00,20308.0087017338
Yunnan,2025.06.16.00,20652.1175128736
Zhejiang,2025.06.16.00,55182.8363141227
Anhui,2025.06.16.04,21071.0934547095
Beijing,2025.06.16.04,9712.74729481168
Chongqing,2025.06.16.04,13104.3657093964
East_Inner_Mongolia,2025.06.16.04,9811.10994294621
Fujian,2025.06.16.04,28428.5283843984
Gansu,2025.06.16.04,16895.8932034452
Guangdong,2025.06.16.04,79755.3618310858
Guangxi,2025.06.16.04,19891.52242377
Guizhou,2025.06.16.04,15403.2903540159
Hainan,2025.06.16.04,4756.58327014323
Hebei,2025.06.16.04,64760.3625717493
Heilongjiang,2025.06.16.04,12142.7093561272
Henan,2025.06.16.04,53313.0739463038
Hubei,2025.06.16.04,29140.542814379
Hunan,2025.06.16.04,22860.689922839
Jiangsu,2025.06.16.04,70188.4604397742
Jiangxi,2025.06.16.04,13380.1738695902
Jilin,2025.06.16.04,9944.07882542178
Liaoning,2025.06.16.04,34797.8068118681
Ningxia,2025.06.16.04,13384.0737642314
Qinghai,2025.06.16.04,9866.74384966553
Shaanxi,2025.06.16.04,16254.1945415715
Shandong,2025.06.16.04,73359.8864622233
Shanghai,2025.06.16.04,19016.2705697631
Shanxi,2025.06.16.04,34700.1989346943
Sichuan,2025.06.16.04,28505.3989847942
Tianjin,2025.06.16.04,12050.7777923202
Tibet,2025.06.16.04,484.74607974791
West_Inner_Mongolia,2025.06.16.04,28431.1921659455
Xinjiang,2025.06.16.04,19227.9276899003
Yunnan,2025.06.16.04,18851.0989139238
Zhejiang,2025.06.16.04,48153.2511493648
Anhui,2025.06.16.08,22171.1971554205
Beijing,2025.06.16.08,13168.878764962
Chongqing,2025.06.16.08,13587.6695514566
East_Inner_Mongolia,2025.06.16.08,11254.1265771603
Fujian,2025.06.16.08,29628.3321094158
Gansu,2025.06.16.08,18408.2685883219
Guangdong,2025.06.16.08,87804.0488176187
Guangxi,2025.06.16.08,22563.5730293335
Guizhou,2025.06.16.08,20399.0406575743
Hainan,2025.06.16.08,5035.40551046541
Hebei,2025.06.16.08,75822.5944462184
Heilongjiang,2025.06.16.08,15767.2185695877
Henan,2025.06.16.08,55089.7897378866
Hubei,2025.06.16.08,29286.2265562424
Hunan,2025.06.16.08,24509.4618385139
Jiangsu,2025.06.16.08,76991.9052909489
Jiangxi,2025.06.16.08,13394.2833061557
Jilin,2025.06.16.08,12709.3590921718
Liaoning,2025.06.16.08,37550.5641084647
Ningxia,2025.06.16.08,13446.814894808
Qinghai,2025.06.16.08,10077.4222134741
Shaanxi,2025.06.16.08,17551.2571805184
Shandong,2025.06.16.08,80095.6640536971
Shanghai,2025.06.16.08,23814.3008644906
Shanxi,2025.06.16.08,36797.2470728723
Sichuan,2025.06.16.08,29562.4197179166
Tianjin,2025.06.16.08,16338.2874282574
Tibet,2025.06.16.08,588.328795883933
West_Inner_Mongolia,2025.06.16.08,29420.5505860704
Xinjiang,2025.06.16.08,19694.9370227505
Yunnan,2025.06.16.08,22609.6694711732
Zhejiang,2025.06.16.08,60774.4424727535
Anhui,2025.06.16.12,26201.4755653309
Beijing,2025.06.16.12,16472.78994945
Chongqing,2025.06.16.12,17031.4763183314
East_Inner_Mongolia,2025.06.16.12,11812.9905204349
Fujian,2025.06.16.12,35406.9647949613
Gansu,2025.06.16.12,19565.8385742965
Guangdong,2025.06.16.12,102320.694572465
Guangxi,2025.06.16.12,27372.3682456485
Guizhou,2025.06.16.12,23452.1262481087
Hainan,2025.06.16.12,5480.58708318483
Hebei,2025.06.16.12,95014.8251693114
Heilongjiang,2025.06.16.12,16253.8180745599
Henan,2025.06.16.12,66494.534717607
Hubei,2025.06.16.12,34468.4216734623
Hunan,2025.06.16.12,30642.90543382
Jiangsu,2025.06.16.12,89074.6133029362
Jiangxi,2025.06.16.12,16061.6155584871
Jilin,2025.06.16.12,13438.5501507352
Liaoning,2025.06.16.12,39380.8145473697
Ningxia,2025.06.16.12,13610.1232022877
Qinghai,2025.06.16.12,9945.43475735541
Shaanxi,2025.06.16.12,22337.2438486895
Shandong,2025.06.16.12,87726.573815591
Shanghai,2025.06.16.12,29287.6801914904
Shanxi,2025.06.16.12,41446.8022207802
Sichuan,2025.06.16.12,42107.8404596277
Tianjin,2025.06.16.12,17037.3779224008
Tibet,2025.06.16.12,682.711068419154
West_Inner_Mongolia,2025.06.16.12,30578.4558635921
Xinjiang,2025.06.16.12,20912.8397145919
Yunnan,2025.06.16.12,25738.9605042814
Zhejiang,2025.06.16.12,65836.6285303879
Anhui,2025.06.16.16,26752.6980401035
Beijing,2025.06.16.16,16320.5696637876
Chongqing,2025.06.16.16,18195.6536974492
East_Inner_Mongolia,2025.06.16.16,11638.551059008
Fujian,2025.06.16.16,35982.240555372
Gansu,2025.06.16.16,18808.5850660054
Guangdong,2025.06.16.16,111327.876271997
Guangxi,2025.06.16.16,28577.8717981444
Guizhou,2025.06.16.16,21769.4098983376
Hainan,2025.06.16.16,5331.88478495109
Hebei,2025.06.16.16,94205.8576168764
Heilongjiang,2025.06.16.16,16865.9919073429
Henan,2025.06.16.16,66010.5103092629
Hubei,2025.06.16.16,36047.5910732603
Hunan,2025.06.16.16,29992.2120214977
Jiangsu,2025.06.16.16,90776.8082022265
Jiangxi,2025.06.16.16,16701.8902505119
Jilin,2025.06.16.16,14090.1492677172
Liaoning,2025.06.16.16,40659.7948111407
Ningxia,2025.06.16.16,13833.6959349298
Qinghai,2025.06.16.16,10247.6251184475
Shaanxi,2025.06.16.16,22589.2344633037
Shandong,2025.06.16.16,88151.8901643911
Shanghai,2025.06.16.16,28923.852735196
Shanxi,2025.06.16.16,40248.832976532
Sichuan,2025.06.16.16,42968.1650810431
Tianjin,2025.06.16.16,17302.8693463296
Tibet,2025.06.16.16,635.180865020265
West_Inner_Mongolia,2025.06.16.16,30585.3631701585
Xinjiang,2025.06.16.16,20744.740326288
Yunnan,2025.06.16.16,24564.6846638779
Zhejiang,2025.06.16.16,71001.9250735825
Anhui,2025.06.16.20,28060.9825775905
Beijing,2025.06.16.20,16017.0463882991
Chongqing,2025.06.16.20,16646.527744299
East_Inner_Mongolia,2025.06.16.20,12118.9995032285
Fujian,2025.06.16.20,34765.4813466612
Gansu,2025.06.16.20,19232.4533538559
Guangdong,2025.06.16.20,102570.290965675
Guangxi,2025.06.16.20,28224.1959509615
Guizhou,2025.06.16.20,23862.1120693008
Hainan,2025.06.16.20,5859.67497893092
Hebei,2025.06.16.20,63823.7959430229
Heilongjiang,2025.06.16.20,16687.0794228508
Henan,2025.06.16.20,63514.6636909729
Hubei,2025.06.16.20,33786.604091204
Hunan,2025.06.16.20,30806.3705030349
Jiangsu,2025.06.16.20,87925.7643807621
Jiangxi,2025.06.16.20,16785.3529095614
Jilin,2025.06.16.20,13708.6674889504
Liaoning,2025.06.16.20,39808.966775876
Ningxia,2025.06.16.20,14763.5700691014
Qinghai,2025.06.16.20,10161.3056669389
Shaanxi,2025.06.16.20,21935.7735757485
Shandong,2025.06.16.20,82712.8226753528
Shanghai,2025.06.16.20,26744.2611253256
Shanxi,2025.06.16.20,42061.451640564
Sichuan,2025.06.16.20,39172.7813485053
Tianjin,2025.06.16.20,15888.3106271273
Tibet,2025.06.16.20,661.65746670047
West_Inner_Mongolia,2025.06.16.20,31268.202825433
Xinjiang,2025.06.16.20,21170.0180806843
Yunnan,2025.06.16.20,25544.0606378313
Zhejiang,2025.06.16.20,63051.1021440087
Anhui,2025.07.22.00,28962.9058636493
Beijing,2025.07.22.00,12914.9910771295
Chongqing,2025.07.22.00,18458.3581146845
East_Inner_Mongolia,2025.07.22.00,10372.6691902294
Fujian,2025.07.22.00,34554.0255511662
Gansu,2025.07.22.00,17867.2605202531
Guangdong,2025.07.22.00,98045.2924377392
Guangxi,2025.07.22.00,24162.4189442174
Guizhou,2025.07.22.00,15761.1581674625
Hainan,2025.07.22.00,5721.53678556509
Hebei,2025.07.22.00,78284.2785723415
Heilongjiang,2025.07.22.00,12888.7706559279
Henan,2025.07.22.00,68473.9713545398
Hubei,2025.07.22.00,37270.4735760279
Hunan,2025.07.22.00,32747.0358788072
Jiangsu,2025.07.22.00,89126.56135131
Jiangxi,2025.07.22.00,16511.0333026778
Jilin,2025.07.22.00,11232.7626470683
Liaoning,2025.07.22.00,40204.2275880341
Ningxia,2025.07.22.00,13433.2615727523
Qinghai,2025.07.22.00,9053.65964785246
Shaanxi,2025.07.22.00,20772.9695815783
Shandong,2025.07.22.00,84007.6334380284
Shanghai,2025.07.22.00,26851.8520883877
Shanxi,2025.07.22.00,37332.0356788541
Sichuan,2025.07.22.00,33316.291216204
Tianjin,2025.07.22.00,14469.0443616394
Tibet,2025.07.22.00,553.261485820715
West_Inner_Mongolia,2025.07.22.00,29940.015836859
Xinjiang,2025.07.22.00,21108.6824724258
Yunnan,2025.07.22.00,21209.5470784012
Zhejiang,2025.07.22.00,62769.1939296279
Anhui,2025.07.22.04,24838.4368395695
Beijing,2025.07.22.04,11279.3190953197
Chongqing,2025.07.22.04,14887.146957995
East_Inner_Mongolia,2025.07.22.04,10013.0997605053
Fujian,2025.07.22.04,31347.2140776952
Gansu,2025.07.22.04,16985.8490455485
Guangdong,2025.07.22.04,85364.9448239449
Guangxi,2025.07.22.04,20581.6118349969
Guizhou,2025.07.22.04,13833.1488709872
Hainan,2025.07.22.04,4738.53167872116
Hebei,2025.07.22.04,68178.8017021324
Heilongjiang,2025.07.22.04,12369.4832150701
Henan,2025.07.22.04,61528.4942803221
Hubei,2025.07.22.04,33623.7015769126
Hunan,2025.07.22.04,25112.875565513
Jiangsu,2025.07.22.04,81968.3127906089
Jiangxi,2025.07.22.04,14858.9970758685
Jilin,2025.07.22.04,10601.9428831413
Liaoning,2025.07.22.04,37296.2963392823
Ningxia,2025.07.22.04,12952.3294492562
Qinghai,2025.07.22.04,8911.89761398951
Shaanxi,2025.07.22.04,17436.9839470816
Shandong,2025.07.22.04,76746.1307887686
Shanghai,2025.07.22.04,23380.659915482
Shanxi,2025.07.22.04,35376.6054191286
Sichuan,2025.07.22.04,27710.131836699
Tianjin,2025.07.22.04,13767.6903148808
Tibet,2025.07.22.04,469.109109433461
West_Inner_Mongolia,2025.07.22.04,29016.5296030641
Xinjiang,2025.07.22.04,19986.0176430897
Yunnan,2025.07.22.04,19359.916465962
Zhejiang,2025.07.22.04,54773.2041631758
Anhui,2025.07.22.08,26135.230304314
Beijing,2025.07.22.08,15292.8910028299
Chongqing,2025.07.22.08,15436.2017906875
East_Inner_Mongolia,2025.07.22.08,11485.8250279296
Fujian,2025.07.22.08,32670.1986413273
Gansu,2025.07.22.08,18506.2765055469
Guangdong,2025.07.22.08,93979.7351620007
Guangxi,2025.07.22.08,23346.3629282294
Guizhou,2025.07.22.08,18319.6550708386
Hainan,2025.07.22.08,5016.29576766118
Hebei,2025.07.22.08,79824.964314592
Heilongjiang,2025.07.22.08,16061.6827534
Henan,2025.07.22.08,63578.9978309195
Hubei,2025.07.22.08,33791.7981937885
Hunan,2025.07.22.08,26924.0809181952
Jiangsu,2025.07.22.08,89913.5917170965
Jiangxi,2025.07.22.08,14874.6659362818
Jilin,2025.07.22.08,13550.1640264625
Liaoning,2025.07.22.08,40246.7021633923
Ningxia,2025.07.22.08,13013.0466723948
Qinghai,2025.07.22.08,9102.1877478322
Shaanxi,2025.07.22.08,18828.431573467
Shandong,2025.07.22.08,83792.8274635993
Shanghai,2025.07.22.08,29279.8773342527
Shanxi,2025.07.22.08,37514.531045113
Sichuan,2025.07.22.08,28737.6629329861
Tianjin,2025.07.22.08,18666.0550434437
Tibet,2025.07.22.08,569.350447629612
West_Inner_Mongolia,2025.07.22.08,30026.2567969867
Xinjiang,2025.07.22.08,20471.4395209104
Yunnan,2025.07.22.08,23219.9361047124
Zhejiang,2025.07.22.08,69129.5159933811
Anhui,2025.07.22.12,30886.0903365951
Beijing,2025.07.22.12,19129.6909710883
Chongqing,2025.07.22.12,19348.5206751216
East_Inner_Mongolia,2025.07.22.12,12056.1947872228
Fujian,2025.07.22.12,39042.1090483947
Gansu,2025.07.22.12,19670.0095384601
Guangdong,2025.07.22.12,109517.407306423
Guangxi,2025.07.22.12,28321.9879421254
Guizhou,2025.07.22.12,21061.5229782183
Hainan,2025.07.22.12,5459.78784281418
Hebei,2025.07.22.12,100030.275723119
Heilongjiang,2025.07.22.12,16557.3698552393
Henan,2025.07.22.12,76741.1874086583
Hubei,2025.07.22.12,39771.2538012097
Hunan,2025.07.22.12,33661.7780881802
Jiangsu,2025.07.22.12,104024.161794837
Jiangxi,2025.07.22.12,17836.8009970108
Jilin,2025.07.22.12,14327.5957111373
Liaoning,2025.07.22.12,42208.3649518994
Ningxia,2025.07.22.12,13171.0869699559
Qinghai,2025.07.22.12,8982.9732720961
Shaanxi,2025.07.22.12,23962.6861494416
Shandong,2025.07.22.12,91775.9750237468
Shanghai,2025.07.22.12,36009.4419017918
Shanxi,2025.07.22.12,42254.7193694387
Sichuan,2025.07.22.12,40933.0811723559
Tianjin,2025.07.22.12,19464.7471769571
Tibet,2025.07.22.12,660.688130728213
West_Inner_Mongolia,2025.07.22.12,31208.0008676062
Xinjiang,2025.07.22.12,21737.3598571665
Yunnan,2025.07.22.12,26433.6910839466
Zhejiang,2025.07.22.12,74887.6349952888
Anhui,2025.07.22.16,31535.8669916898
Beijing,2025.07.22.16,18952.9190318365
Chongqing,2025.07.22.16,20671.0783717275
East_Inner_Mongolia,2025.07.22.16,11878.1639895257
Fujian,2025.07.22.16,39676.4469279875
Gansu,2025.07.22.16,18908.7243180716
Guangdong,2025.07.22.16,119158.107958352
Guangxi,2025.07.22.16,29569.3135944612
Guizhou,2025.07.22.16,19550.3350930948
Hainan,2025.07.22.16,5311.64988099143
Hebei,2025.07.22.16,99178.6060265542
Heilongjiang,2025.07.22.16,17180.9764760709
Henan,2025.07.22.16,76182.5759680512
Hubei,2025.07.22.16,41593.3722489141
Hunan,2025.07.22.16,32946.9797706271
Jiangsu,2025.07.22.16,106012.039047898
Jiangxi,2025.07.22.16,18547.8410678854
Jilin,2025.07.22.16,15022.3022538175
Liaoning,2025.07.22.16,43579.1762558299
Ningxia,2025.07.22.16,13387.4476789643
Qinghai,2025.07.22.16,9255.9194029596
Shaanxi,2025.07.22.16,24233.0136818583
Shandong,2025.07.22.16,92220.9236967306
Shanghai,2025.07.22.16,35562.1130739689
Shanxi,2025.07.22.16,41033.3982658399
Sichuan,2025.07.22.16,41769.4037474054
Tianjin,2025.07.22.16,19768.0640058707
Tibet,2025.07.22.16,614.691159697031
West_Inner_Mongolia,2025.07.22.16,31215.0503808413
Xinjiang,2025.07.22.16,21562.6328977865
Yunnan,2025.07.22.16,25227.7198945738
Zhejiang,2025.07.22.16,80763.0397783671
Anhui,2025.07.22.20,33078.0623657649
Beijing,2025.07.22.20,18600.4404000779
Chongqing,2025.07.22.20,18911.2018365012
East_Inner_Mongolia,2025.07.22.20,12368.5038419722
Fujian,2025.07.22.20,38334.7661036858
Gansu,2025.07.22.20,19334.8493335372
Guangdong,2025.07.22.20,109784.55902946
Guangxi,2025.07.22.20,29203.3677987068
Guizhou,2025.07.22.20,21429.7167062593
Hainan,2025.07.22.20,5837.43707147123
Hebei,2025.07.22.20,67192.7974871308
Heilongjiang,2025.07.22.20,16998.7226718345
Henan,2025.07.22.20,73302.1252078364
Hubei,2025.07.22.20,38984.5412453806
Hunan,2025.07.22.20,33841.3473818611
Jiangsu,2025.07.22.20,102682.499544207
Jiangxi,2025.07.22.20,18640.5283093853
Jilin,2025.07.22.20,14615.5830291966
Liaoning,2025.07.22.20,42667.2585965199
Ningxia,2025.07.22.20,14287.325873324
Qinghai,2025.07.22.20,9177.95344725407
Shaanxi,2025.07.22.20,23532.0015845069
Shandong,2025.07.22.20,86530.79241364
Shanghai,2025.07.22.20,32882.2873953183
Shanxi,2025.07.22.20,42881.3500707701
Sichuan,2025.07.22.20,38079.9067627961
Tianjin,2025.07.22.20,18151.9686206746
Tibet,2025.07.22.20,640.313677452068
West_Inner_Mongolia,2025.07.22.20,31911.9482441378
Xinjiang,2025.07.22.20,22004.6778669406
Yunnan,2025.07.22.20,26233.5305972329
Zhejiang,2025.07.22.20,71719.1634628101
Anhui,2025.08.19.00,29089.3810563692
Beijing,2025.08.19.00,11782.0975546566
Chongqing,2025.08.19.00,21876.5732374331
East_Inner_Mongolia,2025.08.19.00,10574.0805351843
Fujian,2025.08.19.00,35720.4085705511
Gansu,2025.08.19.00,18034.2453716585
Guangdong,2025.08.19.00,97203.7007131732
Guangxi,2025.08.19.00,25583.737230229
Guizhou,2025.08.19.00,16440.518352612
Hainan,2025.08.19.00,5231.11949462851
Hebei,2025.08.19.00,75013.3444686266
Heilongjiang,2025.08.19.00,12405.4420552203
Henan,2025.08.19.00,62460.6749051643
Hubei,2025.08.19.00,41049.0474951246
Hunan,2025.08.19.00,37230.2610610917
Jiangsu,2025.08.19.00,91329.0278521821
Jiangxi,2025.08.19.00,18987.6891073542
Jilin,2025.08.19.00,10887.1392119058
Liaoning,2025.08.19.00,39228.3977530883
Ningxia,2025.08.19.00,13577.7051326819
Qinghai,2025.08.19.00,9538.67760708779
Shaanxi,2025.08.19.00,21354.0317315041
Shandong,2025.08.19.00,77710.637627086
Shanghai,2025.08.19.00,29450.419268234
Shanxi,2025.08.19.00,35437.0074656891
Sichuan,2025.08.19.00,38246.504227913
Tianjin,2025.08.19.00,13107.2515188169
Tibet,2025.08.19.00,553.261485820715
West_Inner_Mongolia,2025.08.19.00,30521.3761613744
Xinjiang,2025.08.19.00,21628.601410338
Yunnan,2025.08.19.00,22161.2585237888
Zhejiang,2025.08.19.00,67382.5185130467
Anhui,2025.08.19.04,24946.9013044589
Beijing,2025.08.19.04,10289.9055165816
Chongqing,2025.08.19.04,17644.0265542314
East_Inner_Mongolia,2025.08.19.04,10207.5291646389
Fujian,2025.08.19.04,32405.3500726202
Gansu,2025.08.19.04,17144.5963518661
Guangdong,2025.08.19.04,84632.1974441816
Guangxi,2025.08.19.04,21792.2944791563
Guizhou,2025.08.19.04,14429.4052170212
Hainan,2025.08.19.04,4332.3719429735
Hebei,2025.08.19.04,65330.1024268132
Heilongjiang,2025.08.19.04,11905.6278813525
Henan,2025.08.19.04,56125.1407304663
Hubei,2025.08.19.04,37032.5566209153
Hunan,2025.08.19.04,28550.9478402542
Jiangsu,2025.08.19.04,83993.8869888854
Jiangxi,2025.08.19.04,17087.8473655503
Jilin,2025.08.19.04,10275.7292851335
Liaoning,2025.08.19.04,36391.047292496
Ningxia,2025.08.19.04,13091.6017000718
Qinghai,2025.08.19.04,9389.32117106752
Shaanxi,2025.08.19.04,17924.7318032907
Shandong,2025.08.19.04,70993.438511829
Shanghai,2025.08.19.04,25643.3051624293
Shanxi,2025.08.19.04,33580.8376787364
Sichuan,2025.08.19.04,31810.7339010434
Tianjin,2025.08.19.04,12471.9072856499
Tibet,2025.08.19.04,469.109109433461
West_Inner_Mongolia,2025.08.19.04,29579.9581315681
Xinjiang,2025.08.19.04,20478.2847033225
Yunnan,2025.08.19.04,20228.6315787504
Zhejiang,2025.08.19.04,58798.8503991605
Anhui,2025.08.19.08,26249.3576058036
Beijing,2025.08.19.08,13951.4098470535
Chongqing,2025.08.19.08,18294.7582273377
East_Inner_Mongolia,2025.08.19.08,11708.851080758
Fujian,2025.08.19.08,33772.9924353166
Gansu,2025.08.19.08,18679.2335085997
Guangdong,2025.08.19.08,93173.0409758471
Guangxi,2025.08.19.08,24719.6779352393
Guizhou,2025.08.19.08,19109.2952818285
Hainan,2025.08.19.08,4586.32768860948
Hebei,2025.08.19.08,76489.6560909473
Heilongjiang,2025.08.19.08,15459.3700226169
Henan,2025.08.19.08,57995.5716859399
Hubei,2025.08.19.08,37217.6952936459
Hunan,2025.08.19.08,30610.1158322876
Jiangsu,2025.08.19.08,92135.5070555489
Jiangxi,2025.08.19.08,17105.8665557936
Jilin,2025.08.19.08,13133.2359398476
Liaoning,2025.08.19.08,39269.8413931359
Ningxia,2025.08.19.08,13152.9717960672
Qinghai,2025.08.19.08,9589.80542927194
Shaanxi,2025.08.19.08,19355.1010458717
Shandong,2025.08.19.08,77511.9329551907
Shanghai,2025.08.19.08,32113.4147759259
Shanxi,2025.08.19.08,35610.2391027796
Sichuan,2025.08.19.08,32990.3211535208
Tianjin,2025.08.19.08,16909.2493051681
Tibet,2025.08.19.08,569.350447629612
West_Inner_Mongolia,2025.08.19.08,30609.2917055383
Xinjiang,2025.08.19.08,20975.6627999876
Yunnan,2025.08.19.08,24261.8574088466
Zhejiang,2025.08.19.08,74210.3028508586
Anhui,2025.08.19.12,31020.9636896376
Beijing,2025.08.19.12,17451.6485428259
Chongqing,2025.08.19.12,22931.5807481569
East_Inner_Mongolia,2025.08.19.12,12290.2959971043
Fujian,2025.08.19.12,40359.9888701709
Gansu,2025.08.19.12,19853.8426233474
Guangdong,2025.08.19.12,108577.342348755
Guangxi,2025.08.19.12,29987.9866755832
Guizhou,2025.08.19.12,21969.3471366962
Hainan,2025.08.19.12,4991.80616877921
Hebei,2025.08.19.12,95850.733594946
Heilongjiang,2025.08.19.12,15936.4688696321
Henan,2025.08.19.12,70001.8746356926
Hubei,2025.08.19.12,43803.3630803277
Hunan,2025.08.19.12,38270.2358357428
Jiangsu,2025.08.19.12,106594.772936575
Jiangxi,2025.08.19.12,20512.3220208185
Jilin,2025.08.19.12,13886.7466517481
Liaoning,2025.08.19.12,41183.8910526272
Ningxia,2025.08.19.12,13312.7114503383
Qinghai,2025.08.19.12,9464.20445746886
Shaanxi,2025.08.19.12,24632.971150212
Shandong,2025.08.19.12,84896.6843376687
Shanghai,2025.08.19.12,39494.2277401231
Shanxi,2025.08.19.12,40109.8086007551
Sichuan,2025.08.19.12,46990.4423622815
Tianjin,2025.08.19.12,17632.770390487
Tibet,2025.08.19.12,660.688130728213
West_Inner_Mongolia,2025.08.19.12,31813.9822942938
Xinjiang,2025.08.19.12,22272.7634790988
Yunnan,2025.08.19.12,27619.8194937349
Zhejiang,2025.08.19.12,80391.6242277329
Anhui,2025.08.19.16,31673.5777888777
Beijing,2025.08.19.16,17290.3829081264
Chongqing,2025.08.19.16,24499.0565838062
East_Inner_Mongolia,2025.08.19.16,12108.80828569
Fujian,2025.08.19.16,41015.7390431075
Gansu,2025.08.19.16,19085.442540596
Guangdong,2025.08.19.16,118135.290084293
Guangxi,2025.08.19.16,31308.6844005732
Guizhou,2025.08.19.16,20393.0218504677
Hainan,2025.08.19.16,4856.36574271386
Hebei,2025.08.19.16,95034.6490184894
Heilongjiang,2025.08.19.16,16536.6902566439
Henan,2025.08.19.16,69492.3197362198
Hubei,2025.08.19.16,45810.2124579989
Hunan,2025.08.19.16,37457.5782240122
Jiangsu,2025.08.19.16,108631.773963641
Jiangxi,2025.08.19.16,21330.0181371754
Jilin,2025.08.19.16,14560.0776104107
Liaoning,2025.08.19.16,42521.4302692995
Ningxia,2025.08.19.16,13531.3986167651
Qinghai,2025.08.19.16,9751.77271689933
Shaanxi,2025.08.19.16,24910.8602927563
Shandong,2025.08.19.16,85308.2808042494
Shanghai,2025.08.19.16,39003.609011598
Shanxi,2025.08.19.16,38950.4835256762
Sichuan,2025.08.19.16,47950.5256649203
Tianjin,2025.08.19.16,17907.5397440872
Tibet,2025.08.19.16,614.691159697031
West_Inner_Mongolia,2025.08.19.16,31821.1686914679
Xinjiang,2025.08.19.16,22093.7328946458
Yunnan,2025.08.19.16,26359.7341556963
Zhejiang,2025.08.19.16,86698.8514961165
Anhui,2025.08.19.20,33222.5076204021
Beijing,2025.08.19.20,16968.8234428113
Chongqing,2025.08.19.20,22413.2769238543
East_Inner_Mongolia,2025.08.19.20,12608.6693141573
Fujian,2025.08.19.20,39628.7693210309
Gansu,2025.08.19.20,19515.5500592722
Guangdong,2025.08.19.20,108842.200920599
Guangxi,2025.08.19.20,30921.2123887393
Guizhou,2025.08.19.20,22353.4112821644
Hainan,2025.08.19.20,5337.08547330861
Hebei,2025.08.19.20,64385.2962003742
Heilongjiang,2025.08.19.20,16361.2709658399
Henan,2025.08.19.20,66864.826471917
Hubei,2025.08.19.20,42936.8916360258
Hunan,2025.08.19.20,38474.3890209972
Jiangsu,2025.08.19.20,105219.95596621
Jiangxi,2025.08.19.20,21436.6084694432
Jilin,2025.08.19.20,14165.8728223516
Liaoning,2025.08.19.20,41631.646512625
Ningxia,2025.08.19.20,14440.9529131787
Qinghai,2025.08.19.20,9669.63000944955
Shaanxi,2025.08.19.20,24190.2394632585
Shandong,2025.08.19.20,80044.6671051801
Shanghai,2025.08.19.20,36064.4452793439
Shanxi,2025.08.19.20,40704.6306199007
Sichuan,2025.08.19.20,43715.0493597996
Tianjin,2025.08.19.20,16443.5475022551
Tibet,2025.08.19.20,640.313677452068
West_Inner_Mongolia,2025.08.19.20,32531.5985705845
Xinjiang,2025.08.19.20,22546.6656845424
Yunnan,2025.08.19.20,27410.6774372867
Zhejiang,2025.08.19.20,76990.2806971043
Anhui,2025.09.20.00,24177.9127057424
Beijing,2025.09.20.00,10301.782498996
Chongqing,2025.09.20.00,17307.5589050873
East_Inner_Mongolia,2025.09.20.00,10614.3627737208
Fujian,2025.09.20.00,33596.6231734332
Gansu,2025.09.20.00,17945.1861432686
Guangdong,2025.09.20.00,91747.3907138294
Guangxi,2025.09.20.00,25114.7010037471
Guizhou,2025.09.20.00,16707.7343883668
Hainan,2025.09.20.00,5067.64712180426
Hebei,2025.09.20.00,68049.9008454254
Heilongjiang,2025.09.20.00,12319.5172363299
Henan,2025.09.20.00,50311.2349709045
Hubei,2025.09.20.00,33720.9051494925
Hunan,2025.09.20.00,33637.1831149518
Jiangsu,2025.09.20.00,79049.0449729504
Jiangxi,2025.09.20.00,16330.198932637
Jilin,2025.09.20.00,10535.7554196335
Liaoning,2025.09.20.00,37712.6064162441
Ningxia,2025.09.20.00,13731.7774077748
Qinghai,2025.09.20.00,10357.8178594132
Shaanxi,2025.09.20.00,19664.1092361944
Shandong,2025.09.20.00,73941.9813145402
Shanghai,2025.09.20.00,23629.6296084113
Shanxi,2025.09.20.00,33876.7688796123
Sichuan,2025.09.20.00,37514.4414870549
Tianjin,2025.09.20.00,12312.8726388886
Tibet,2025.09.20.00,571.703535348072
West_Inner_Mongolia,2025.09.20.00,30637.6482262775
Xinjiang,2025.09.20.00,19985.6597182014
Yunnan,2025.09.20.00,23321.4379987488
Zhejiang,2025.09.20.00,59661.0235671721
Anhui,2025.09.20.04,20734.8516920718
Beijing,2025.09.20.04,8997.07102876155
Chongqing,2025.09.20.04,13958.9973985394
East_Inner_Mongolia,2025.09.20.04,10246.4150160668
Fujian,2025.09.20.04,30478.6641239756
Gansu,2025.09.20.04,17059.9305124764
Guangdong,2025.09.20.04,79881.5603615079
Guangxi,2025.09.20.04,21392.7681911514
Guizhou,2025.09.20.04,14663.9336167769
Hainan,2025.09.20.04,4196.98541200202
Hebei,2025.09.20.04,59265.5483348764
Heilongjiang,2025.09.20.04,11823.1649658893
Henan,2025.09.20.04,45208.0472609831
Hubei,2025.09.20.04,30421.4447218395
Hunan,2025.09.20.04,25795.5070213496
Jiangsu,2025.09.20.04,72700.1776563714
Jiangxi,2025.09.20.04,14696.2563602274
Jilin,2025.09.20.04,9944.07882542178
Liaoning,2025.09.20.04,34984.8916148706
Ningxia,2025.09.20.04,13240.1579427379
Qinghai,2025.09.20.04,10195.6353406037
Shaanxi,2025.09.20.04,16506.1983910694
Shandong,2025.09.20.04,67550.539593912
Shanghai,2025.09.20.04,20574.9805259054
Shanxi,2025.09.20.04,32102.3234799889
Sichuan,2025.09.20.04,31201.8559521064
Tianjin,2025.09.20.04,11716.0341168227
Tibet,2025.09.20.04,484.74607974791
West_Inner_Mongolia,2025.09.20.04,29692.6438372689
Xinjiang,2025.09.20.04,18922.7228302164
Yunnan,2025.09.20.04,21287.6347549013
Zhejiang,2025.09.20.04,52060.9748166019
Anhui,2025.09.20.08,21817.4004990036
Beijing,2025.09.20.08,12198.5401268293
Chongqing,2025.09.20.08,14473.8210247745
East_Inner_Mongolia,2025.09.20.08,11753.456257601
Fujian,2025.09.20.08,31764.9922185937
Gansu,2025.09.20.08,18586.9891097404
Guangdong,2025.09.20.08,87942.9829490863
Guangxi,2025.09.20.08,24266.4828310897
Guizhou,2025.09.20.08,19419.8882948807
Hainan,2025.09.20.08,4443.00504599419
Hebei,2025.09.20.08,69389.167348306
Heilongjiang,2025.09.20.08,15352.2925348948
Henan,2025.09.20.08,46714.6542811693
Hubei,2025.09.20.08,30573.5321392977
Hunan,2025.09.20.08,27655.9455151548
Jiangsu,2025.09.20.08,79747.0860264464
Jiangxi,2025.09.20.08,14711.7536100304
Jilin,2025.09.20.08,12709.3590921718
Liaoning,2025.09.20.08,37752.4486676511
Ningxia,2025.09.20.08,13302.2244325805
Qinghai,2025.09.20.08,10413.3363171644
Shaanxi,2025.09.20.08,17823.3705947947
Shandong,2025.09.20.08,73752.9130275588
Shanghai,2025.09.20.08,25766.2918040322
Shanxi,2025.09.20.08,34042.3733860887
Sichuan,2025.09.20.08,32358.8651443253
Tianjin,2025.09.20.08,15884.4463169761
Tibet,2025.09.20.08,588.328795883933
West_Inner_Mongolia,2025.09.20.08,30725.8986872487
Xinjiang,2025.09.20.08,19382.3193248137
Yunnan,2025.09.20.08,25532.0067985997
Zhejiang,2025.09.20.08,65706.398707178
Anhui,2025.09.20.12,25783.3657815776
Beijing,2025.09.20.12,15259.0051731542
Chongqing,2025.09.20.12,18142.2236598908
East_Inner_Mongolia,2025.09.20.12,12337.1162036833
Fujian,2025.09.20.12,37960.3535238671
Gansu,2025.09.20.12,19755.7976057617
Guangdong,2025.09.20.12,102482.598687628
Guangxi,2025.09.20.12,29438.205696224
Guizhou,2025.09.20.12,22326.4260148726
Hainan,2025.09.20.12,4835.8123322922
Hebei,2025.09.20.12,86952.967679309
Heilongjiang,2025.09.20.12,15826.0868134925
Henan,2025.09.20.12,56385.5700974653
Hubei,2025.09.20.12,35983.5158619928
Hunan,2025.09.20.12,34576.7903305033
Jiangsu,2025.09.20.12,92262.1777315176
Jiangxi,2025.09.20.12,17641.4463748798
Jilin,2025.09.20.12,13438.5501507352
Liaoning,2025.09.20.12,39592.5391532193
Ningxia,2025.09.20.12,13463.7767239442
Qinghai,2025.09.20.12,10276.9492787835
Shaanxi,2025.09.20.12,22683.5588520349
Shandong,2025.09.20.12,80779.5333900893
Shanghai,2025.09.20.12,31688.3085659823
Shanxi,2025.09.20.12,38343.8335499655
Sichuan,2025.09.20.12,46091.0150100488
Tianjin,2025.09.20.12,16564.1176395484
Tibet,2025.09.20.12,682.711068419154
West_Inner_Mongolia,2025.09.20.12,31935.1785796313
Xinjiang,2025.09.20.12,20580.8902495418
Yunnan,2025.09.20.12,29065.7638946061
Zhejiang,2025.09.20.12,71179.3903447725
Anhui,2025.09.20.16,26325.7921292331
Beijing,2025.09.20.16,15118.0011214114
Chongqing,2025.09.20.16,19382.3255745444
East_Inner_Mongolia,2025.09.20.16,12154.9371100482
Fujian,2025.09.20.16,38577.1155469708
Gansu,2025.09.20.16,18991.192143581
Guangdong,2025.09.20.16,111504.032633876
Guangxi,2025.09.20.16,30734.690575699
Guizhou,2025.09.20.16,20724.4799188246
Hainan,2025.09.20.16,4704.60441665755
Hebei,2025.09.20.16,86212.6397429565
Heilongjiang,2025.09.20.16,16422.1508384575
Henan,2025.09.20.16,55975.1304677802
Hubei,2025.09.20.16,37632.0992431737
Hunan,2025.09.20.16,33842.5619873099
Jiangsu,2025.09.20.16,94025.2862369444
Jiangxi,2025.09.20.16,18344.6988966088
Jilin,2025.09.20.16,14090.1492677172
Liaoning,2025.09.20.16,40878.395648357
Ningxia,2025.09.20.16,13684.9454311715
Qinghai,2025.09.20.16,10589.2126528088
Shaanxi,2025.09.20.16,22939.456310803
Shandong,2025.09.20.16,81171.169067911
Shanghai,2025.09.20.16,31294.6592013193
Shanxi,2025.09.20.16,37235.5518288633
Sichuan,2025.09.20.16,47032.7216994999
Tianjin,2025.09.20.16,16822.2343050516
Tibet,2025.09.20.16,635.180865020265
West_Inner_Mongolia,2025.09.20.16,31942.3923535932
Xinjiang,2025.09.20.16,20415.459102509
Yunnan,2025.09.20.16,27739.7109516898
Zhejiang,2025.09.20.16,76763.8600708438
Anhui,2025.09.20.20,27613.1997293243
Beijing,2025.09.20.20,14836.8427235283
Chongqing,2025.09.20.20,17732.1697692522
East_Inner_Mongolia,2025.09.20.20,12656.70237228
Fujian,2025.09.20.20,37272.6092165481
Gansu,2025.09.20.20,19419.175645258
Guangdong,2025.09.20.20,102732.590022285
Guangxi,2025.09.20.20,30354.3222332259
Guizhou,2025.09.20.20,22716.732548581
Hainan,2025.09.20.20,5170.30166590688
Hebei,2025.09.20.20,58408.4479018434
Heilongjiang,2025.09.20.20,16247.9465685069
Henan,2025.09.20.20,53858.7199229772
Hubei,2025.09.20.20,35271.7283012335
Hunan,2025.09.20.20,34761.2407716279
Jiangsu,2025.09.20.20,91072.2168715832
Jiangxi,2025.09.20.20,18436.3709963776
Jilin,2025.09.20.20,13708.6674889504
Liaoning,2025.09.20.20,40022.9932732143
Ningxia,2025.09.20.20,14604.8208458007
Qinghai,2025.09.20.20,10500.0158859937
Shaanxi,2025.09.20.20,22275.8642131938
Shandong,2025.09.20.20,76162.8196621163
Shanghai,2025.09.20.20,28936.412626998
Shanxi,2025.09.20.20,38912.4664427574
Sichuan,2025.09.20.20,42878.3151406308
Tianjin,2025.09.20.20,15446.9688657548
Tibet,2025.09.20.20,661.65746670047
West_Inner_Mongolia,2025.09.20.20,32655.5286358738
Xinjiang,2025.09.20.20,20833.9864239179
Yunnan,2025.09.20.20,28845.6728967437
Zhejiang,2025.09.20.20,68167.8134399766
Anhui,2025.10.26.00,22512.6515205061
Beijing,2025.10.26.00,8836.5724278517
Chongqing,2025.10.26.00,16236.5181370581
East_Inner_Mongolia,2025.10.26.00,10473.3744058902
Fujian,2025.10.26.00,30034.3021096692
Gansu,2025.10.26.00,18201.2286206297
Guangdong,2025.10.26.00,82475.8700288635
Guangxi,2025.10.26.00,23451.758790959
Guizhou,2025.10.26.00,16304.6460035833
Hainan,2025.10.26.00,4904.17463400413
Hebei,2025.10.26.00,62365.7501332723
Heilongjiang,2025.10.26.00,13533.2091887243
Henan,2025.10.26.00,46748.5202702114
Hubei,2025.10.26.00,27995.7944552479
Hunan,2025.10.26.00,27094.2742806253
Jiangsu,2025.10.26.00,72681.4630664998
Jiangxi,2025.10.26.00,15567.5457624557
Jilin,2025.10.26.00,10887.1392119058
Liaoning,2025.10.26.00,38057.3984613107
Ningxia,2025.10.26.00,12999.9297263745
Qinghai,2025.10.26.00,9700.34968438944
Shaanxi,2025.10.26.00,20191.9074316525
Shandong,2025.10.26.00,70554.9626791202
Shanghai,2025.10.26.00,20268.8183360164
Shanxi,2025.10.26.00,33731.4823932135
Sichuan,2025.10.26.00,31822.2877176665
Tianjin,2025.10.26.00,11405.0107436736
Tibet,2025.10.26.00,645.471760594787
West_Inner_Mongolia,2025.10.26.00,30230.6946805463
Xinjiang,2025.10.26.00,20380.7970596325
Yunnan,2025.10.26.00,22705.0931112988
Zhejiang,2025.10.26.00,53682.3398038123
Anhui,2025.10.26.04,19306.7323947333
Beijing,2025.10.26.04,7717.42849278032
Chongqing,2025.10.26.04,13095.1751012046
East_Inner_Mongolia,2025.10.26.04,10110.3140215911
Fujian,2025.10.26.04,27246.9468575188
Gansu,2025.10.26.04,17303.3421347995
Guangdong,2025.10.26.04,71809.139625869
Guangxi,2025.10.26.04,19976.2696523813
Guizhou,2025.10.26.04,14310.1536739814
Hainan,2025.10.26.04,4061.5987858084
Hebei,2025.10.26.04,54315.1471647257
Heilongjiang,2025.10.26.04,12987.9573758236
Henan,2025.10.26.04,42006.707149585
Hubei,2025.10.26.04,25256.5140137444
Hunan,2025.10.26.04,20777.9153223319
Jiangsu,2025.10.26.04,66844.0115762009
Jiangxi,2025.10.26.04,14009.911598038
Jilin,2025.10.26.04,10275.7292851335
Liaoning,2025.10.26.04,35304.7451989264
Ningxia,2025.10.26.04,12534.5115719862
Qinghai,2025.10.26.04,9548.4617899989
Shaanxi,2025.10.26.04,16949.2360908725
Shandong,2025.10.26.04,64456.2901246695
Shanghai,2025.10.26.04,17648.6279919599
Shanxi,2025.10.26.04,31964.6470150279
Sichuan,2025.10.26.04,26467.5255201583
Tianjin,2025.10.26.04,10852.1787640021
Tibet,2025.10.26.04,547.293984015346
West_Inner_Mongolia,2025.10.26.04,29298.2425894164
Xinjiang,2025.10.26.04,19296.8448005288
Yunnan,2025.10.26.04,20725.0397361983
Zhejiang,2025.10.26.04,46843.8986380437
Anhui,2025.10.26.08,20314.7203191254
Beijing,2025.10.26.08,10463.5565112433
Chongqing,2025.10.26.08,13578.1399832305
East_Inner_Mongolia,2025.10.26.08,11597.3375485034
Fujian,2025.10.26.08,28396.8828616964
Gansu,2025.10.26.08,18852.1888519079
Guangdong,2025.10.26.08,79055.916198019
Guangxi,2025.10.26.08,22659.7044485919
Guizhou,2025.10.26.08,18951.3668769852
Hainan,2025.10.26.08,4299.68230257502
Hebei,2025.10.26.08,63593.1488369124
Heilongjiang,2025.10.26.08,16864.76689107
Henan,2025.10.26.08,43406.6260516583
Hubei,2025.10.26.08,25382.780140336
Hunan,2025.10.26.08,22276.4721622769
Jiangsu,2025.10.26.08,73323.2753118713
Jiangxi,2025.10.26.08,14024.6850950723
Jilin,2025.10.26.08,13133.2359398476
Liaoning,2025.10.26.08,38097.6049752985
Ningxia,2025.10.26.08,12593.2701712816
Qinghai,2025.10.26.08,9752.34407755553
Shaanxi,2025.10.26.08,18301.7621010623
Shandong,2025.10.26.08,70374.5549365276
Shanghai,2025.10.26.08,22101.5858658578
Shanxi,2025.10.26.08,33896.3766756138
Sichuan,2025.10.26.08,27448.9790070636
Tianjin,2025.10.26.08,14713.2424914591
Tibet,2025.10.26.08,664.242216827659
West_Inner_Mongolia,2025.10.26.08,30317.772928894
Xinjiang,2025.10.26.08,19765.5279972699
Yunnan,2025.10.26.08,24857.2404373873
Zhejiang,2025.10.26.08,59121.9025719894
Anhui,2025.10.26.12,24007.5285212085
Beijing,2025.10.26.12,13088.7353137849
Chongqing,2025.10.26.12,17019.5314726791
East_Inner_Mongolia,2025.10.26.12,12173.2448612038
Fujian,2025.10.26.12,33935.3368950253
Gansu,2025.10.26.12,20037.6739441201
Guangdong,2025.10.26.12,92126.2329513526
Guangxi,2025.10.26.12,27488.9873912286
Guizhou,2025.10.26.12,21787.7818880789
Hainan,2025.10.26.12,4679.81838608923
Hebei,2025.10.26.12,79689.8597685295
Heilongjiang,2025.10.26.12,17385.2383480013
Henan,2025.10.26.12,52392.7104586714
Hubei,2025.10.26.12,29874.2607703893
Hunan,2025.10.26.12,27851.1145762948
Jiangsu,2025.10.26.12,84830.2476712116
Jiangxi,2025.10.26.12,16817.5553090155
Jilin,2025.10.26.12,13886.7466517481
Liaoning,2025.10.26.12,39954.5187096929
Ningxia,2025.10.26.12,12746.2123849876
Qinghai,2025.10.26.12,9624.61428131169
Shaanxi,2025.10.26.12,23292.4011486713
Shandong,2025.10.26.12,77079.3108630664
Shanghai,2025.10.26.12,27181.3219395914
Shanxi,2025.10.26.12,38179.389270426
Sichuan,2025.10.26.12,39097.5177214134
Tianjin,2025.10.26.12,15342.7997819017
Tibet,2025.10.26.12,770.802851589442
West_Inner_Mongolia,2025.10.26.12,31510.990206537
Xinjiang,2025.10.26.12,20987.7959195148
Yunnan,2025.10.26.12,28297.6065032295
Zhejiang,2025.10.26.12,64046.4408930924
Anhui,2025.10.26.16,24512.5950870833
Beijing,2025.10.26.16,12967.7860978636
Chongqing,2025.10.26.16,18182.8923683139
East_Inner_Mongolia,2025.10.26.16,11993.4856144887
Fujian,2025.10.26.16,34486.7023354162
Gansu,2025.10.26.16,19262.159067282
Guangdong,2025.10.26.16,100236.007058668
Guangxi,2025.10.26.16,28699.6269550855
Guizhou,2025.10.26.16,20224.484111986
Hainan,2025.10.26.16,4552.84298386214
Hebei,2025.10.26.16,79011.3707990876
Heilongjiang,2025.10.26.16,18040.0252998744
Henan,2025.10.26.16,52011.3354962177
Hubei,2025.10.26.16,31242.948866906
Hunan,2025.10.26.16,27259.7040516052
Jiangsu,2025.10.26.16,86451.3337420586
Jiangxi,2025.10.26.16,17487.9645220164
Jilin,2025.10.26.16,14560.0776104107
Liaoning,2025.10.26.16,41252.131302665
Ningxia,2025.10.26.16,12955.5937029516
Qinghai,2025.10.26.16,9917.05656623954
Shaanxi,2025.10.26.16,23555.1670709603
Shandong,2025.10.26.16,77453.0071062734
Shanghai,2025.10.26.16,26843.6608085171
Shanxi,2025.10.26.16,37075.8606105667
Sichuan,2025.10.26.16,39896.337056834
Tianjin,2025.10.26.16,15581.884797196
Tibet,2025.10.26.16,717.139716463594
West_Inner_Mongolia,2025.10.26.16,31518.1081614312
Xinjiang,2025.10.26.16,20819.0940261294
Yunnan,2025.10.26.16,27006.5988243273
Zhejiang,2025.10.26.16,69071.2859851571
Anhui,2025.10.26.20,25711.3320921523
Beijing,2025.10.26.20,12726.6165190227
Chongqing,2025.10.26.20,16634.8528782548
East_Inner_Mongolia,2025.10.26.20,12488.5860333508
Fujian,2025.10.26.20,33320.5155722515
Gansu,2025.10.26.20,19696.2490509517
Guangdong,2025.10.26.20,92350.9614440661
Guangxi,2025.10.26.20,28344.4442826713
Guizhou,2025.10.26.20,22168.6719427731
Hainan,2025.10.26.20,5003.5177412002
Hebei,2025.10.26.20,53529.6396065726
Heilongjiang,2025.10.26.20,17848.6588054262
Henan,2025.10.26.20,50044.7953921827
Hubei,2025.10.26.20,29283.3199828132
Hunan,2025.10.26.20,27999.6867925215
Jiangsu,2025.10.26.20,83736.1408882455
Jiangxi,2025.10.26.20,17575.355350149
Jilin,2025.10.26.20,14165.8728223516
Liaoning,2025.10.26.20,40388.9083083102
Ningxia,2025.10.26.20,13826.4435130008
Qinghai,2025.10.26.20,9833.52161316665
Shaanxi,2025.10.26.20,22873.7637057553
Shandong,2025.10.26.20,72674.072337043
Shanghai,2025.10.26.20,24820.8245559575
Shanxi,2025.10.26.20,38745.5834809651
Sichuan,2025.10.26.20,36372.2883019535
Tianjin,2025.10.26.20,14308.0214534751
Tibet,2025.10.26.20,747.032655101246
West_Inner_Mongolia,2025.10.26.20,32221.772001946
Xinjiang,2025.10.26.20,21245.8960692852
Yunnan,2025.10.26.20,28083.3321261653
Zhejiang,2025.10.26.20,61336.6567646564
Anhui,2025.11.19.00,23655.1463352879
Beijing,2025.11.19.00,11823.6366393483
Chongqing,2025.11.19.00,16424.5207622167
East_Inner_Mongolia,2025.11.19.00,10926.5498863571
Fujian,2025.11.19.00,29076.8977323545
Gansu,2025.11.19.00,20533.4347815664
Guangdong,2025.11.19.00,76093.8063330002
Guangxi,2025.11.19.00,23939.7458066907
Guizhou,2025.11.19.00,18673.3495350008
Hainan,2025.11.19.00,4560.8821423049
Hebei,2025.11.19.00,71655.1932198028
Heilongjiang,2025.11.19.00,15149.6767683801
Henan,2025.11.19.00,49709.9022477436
Hubei,2025.11.19.00,29816.3787664259
Hunan,2025.11.19.00,30011.6174298695
Jiangsu,2025.11.19.00,76166.2582089165
Jiangxi,2025.11.19.00,14989.6600374671
Jilin,2025.11.19.00,12678.6207176409
Liaoning,2025.11.19.00,42351.0545045236
Ningxia,2025.11.19.00,13284.0023719931
Qinghai,2025.11.19.00,10691.9410449573
Shaanxi,2025.11.19.00,22065.8327892209
Shandong,2025.11.19.00,76751.7782627318
Shanghai,2025.11.19.00,20407.4088149781
Shanxi,2025.11.19.00,38184.7970440576
Sichuan,2025.11.19.00,33963.6916567777
Tianjin,2025.11.19.00,13368.2612290831
Tibet,2025.11.19.00,666.987485947947
West_Inner_Mongolia,2025.11.19.00,31538.7553667535
Xinjiang,2025.11.19.00,21489.9562379743
Yunnan,2025.11.19.00,23321.4379987488
Zhejiang,2025.11.19.00,55616.2060063289
Anhui,2025.11.19.04,20286.5299823817
Beijing,2025.11.19.04,10326.1837136293
Chongqing,2025.11.19.04,13246.8041189014
East_Inner_Mongolia,2025.11.19.04,10547.7801367935
Fujian,2025.11.19.04,26378.3950897901
Gansu,2025.11.19.04,19520.4980187619
Guangdong,2025.11.19.04,66252.4779880221
Guangxi,2025.11.19.04,20391.9382723774
Guizhou,2025.11.19.04,16389.1016950079
Hainan,2025.11.19.04,3777.28664941037
Hebei,2025.11.19.04,62405.4445995362
Heilongjiang,2025.11.19.04,14539.2976182742
Henan,2025.11.19.04,44667.7091400056
Hubei,2025.11.19.04,26898.96117637
Hunan,2025.11.19.04,23015.1521751576
Jiangsu,2025.11.19.04,70048.9234892601
Jiangxi,2025.11.19.04,13489.8470969024
Jilin,2025.11.19.04,11966.6031330702
Liaoning,2025.11.19.04,39287.8454292684
Ningxia,2025.11.19.04,12808.4139652097
Qinghai,2025.11.19.04,10524.5268315419
Shaanxi,2025.11.19.04,18522.2228634004
Shandong,2025.11.19.04,70117.4616133838
Shanghai,2025.11.19.04,17769.3026048493
Shanxi,2025.11.19.04,36184.6996412867
Sichuan,2025.11.19.04,28248.5936793758
Tianjin,2025.11.19.04,12720.2651433153
Tibet,2025.11.19.04,565.537116815857
West_Inner_Mongolia,2025.11.19.04,30565.9567359537
Xinjiang,2025.11.19.04,20347.0133715088
Yunnan,2025.11.19.04,21287.6347549013
Zhejiang,2025.11.19.04,48531.4151043768
Anhui,2025.11.19.08,21345.672297714
Beijing,2025.11.19.08,14000.5970815434
Chongqing,2025.11.19.08,13735.3612507505
East_Inner_Mongolia,2025.11.19.08,12099.1461167833
Fujian,2025.11.19.08,27491.6745483948
Gansu,2025.11.19.08,21267.8055063643
Guangdong,2025.11.19.08,72938.4918830767
Guangxi,2025.11.19.08,23131.2103023658
Guizhou,2025.11.19.08,21704.5802639448
Hainan,2025.11.19.08,3998.70430702577
Hebei,2025.11.19.08,73065.4142318025
Heilongjiang,2025.11.19.08,18879.1707577139
Henan,2025.11.19.08,46156.3088084998
Hubei,2025.11.19.08,27033.438469445
Hunan,2025.11.19.08,24675.0643068327
Jiangsu,2025.11.19.08,76838.842869986
Jiangxi,2025.11.19.08,13504.0721842403
Jilin,2025.11.19.08,15294.3132291841
Liaoning,2025.11.19.08,42395.7971389174
Ningxia,2025.11.19.08,12868.4565491962
Qinghai,2025.11.19.08,10749.2504208548
Shaanxi,2025.11.19.08,20000.2710807341
Shandong,2025.11.19.08,76555.525376605
Shanghai,2025.11.19.08,22252.7081128573
Shanxi,2025.11.19.08,38371.4610819372
Sichuan,2025.11.19.08,29296.0917065593
Tianjin,2025.11.19.08,17245.9696508199
Tibet,2025.11.19.08,686.383624055248
West_Inner_Mongolia,2025.11.19.08,31629.6014290563
Xinjiang,2025.11.19.08,20841.2031403372
Yunnan,2025.11.19.08,25532.0067985997
Zhejiang,2025.11.19.08,61251.724961071
Anhui,2025.11.19.12,25225.8868663471
Beijing,2025.11.19.12,17513.1762549727
Chongqing,2025.11.19.12,17216.600608366
East_Inner_Mongolia,2025.11.19.12,12699.9725303411
Fujian,2025.11.19.12,32853.5791111983
Gansu,2025.11.19.12,22605.1921923305
Guangdong,2025.11.19.12,84997.4147097298
Guangxi,2025.11.19.12,28060.9815449338
Guizhou,2025.11.19.12,24953.0634825829
Hainan,2025.11.19.12,4352.23084397335
Hebei,2025.11.19.12,91559.7469311375
Heilongjiang,2025.11.19.12,19461.8096743019
Henan,2025.11.19.12,55711.6353702955
Hubei,2025.11.19.12,31817.0029402375
Hunan,2025.11.19.12,30849.9495872059
Jiangsu,2025.11.19.12,88897.5300640299
Jiangxi,2025.11.19.12,16193.267750104
Jilin,2025.11.19.12,16171.8143189485
Liaoning,2025.11.19.12,44462.2088736944
Ningxia,2025.11.19.12,13024.7408347586
Qinghai,2025.11.19.12,10608.4638002115
Shaanxi,2025.11.19.12,25454.0701885524
Shandong,2025.11.19.12,83849.1574704921
Shanghai,2025.11.19.12,27367.1774918969
Shanxi,2025.11.19.12,43219.9277091539
Sichuan,2025.11.19.12,41728.4906797663
Tianjin,2025.11.19.12,17983.8984881057
Tibet,2025.11.19.12,796.496279975757
West_Inner_Mongolia,2025.11.19.12,32874.4483707702
Xinjiang,2025.11.19.12,22129.989054022
Yunnan,2025.11.19.12,29065.7638946061
Zhejiang,2025.11.19.12,66353.6660976434
Anhui,2025.11.19.16,25756.5850612686
Beijing,2025.11.19.16,17351.3420604879
Chongqing,2025.11.19.16,18393.4320584965
East_Inner_Mongolia,2025.11.19.16,12512.4352285463
Fujian,2025.11.19.16,33387.368658392
Gansu,2025.11.19.16,21730.307069046
Guangdong,2025.11.19.16,92479.6465444524
Guangxi,2025.11.19.16,29296.8122423496
Guizhou,2025.11.19.16,23162.6532035829
Hainan,2025.11.19.16,4234.14372682339
Hebei,2025.11.19.16,90780.1963268559
Heilongjiang,2025.11.19.16,20194.8073347013
Henan,2025.11.19.16,55306.101419836
Hubei,2025.11.19.16,33274.6976937861
Hunan,2025.11.19.16,30194.8596509653
Jiangsu,2025.11.19.16,90596.3409442958
Jiangxi,2025.11.19.16,16838.7905795988
Jilin,2025.11.19.16,16955.9420568389
Liaoning,2025.11.19.16,45906.2188132226
Ningxia,2025.11.19.16,13238.6975239892
Qinghai,2025.11.19.16,10930.8001871701
Shaanxi,2025.11.19.16,25741.2223025149
Shandong,2025.11.19.16,84255.675312854
Shanghai,2025.11.19.16,27027.2075622974
Shanxi,2025.11.19.16,41970.7084362558
Sichuan,2025.11.19.16,42581.0646316584
Tianjin,2025.11.19.16,18264.1394288857
Tibet,2025.11.19.16,741.044373679047
West_Inner_Mongolia,2025.11.19.16,32881.8743145168
Xinjiang,2025.11.19.16,21952.1061039338
Yunnan,2025.11.19.16,27739.7109516898
Zhejiang,2025.11.19.16,71559.5274816942
Anhui,2025.11.19.20,27016.1567845996
Beijing,2025.11.19.20,17028.6489018044
Chongqing,2025.11.19.20,16827.4678209316
East_Inner_Mongolia,2025.11.19.20,13028.9582912958
Fujian,2025.11.19.20,32258.356466747
Gansu,2025.11.19.20,22220.0189755769
Guangdong,2025.11.19.20,85204.753491316
Guangxi,2025.11.19.20,28934.2388861962
Guizhou,2025.11.19.20,25389.2884165157
Hainan,2025.11.19.20,4653.27122658221
Hebei,2025.11.19.20,61502.9348768952
Heilongjiang,2025.11.19.20,19980.5831625364
Henan,2025.11.19.20,53214.9867541139
Hubei,2025.11.19.20,31187.6328975668
Hunan,2025.11.19.20,31014.5191367691
Jiangsu,2025.11.19.20,87750.965091015
Jiangxi,2025.11.19.20,16922.9373567522
Jilin,2025.11.19.20,16496.8707713892
Liaoning,2025.11.19.20,44945.6065390903
Ningxia,2025.11.19.20,14128.5770222509
Qinghai,2025.11.19.20,10838.7261050485
Shaanxi,2025.11.19.20,24996.5807787005
Shandong,2025.11.19.20,79057.0085173208
Shanghai,2025.11.19.20,24990.5399239877
Shanxi,2025.11.19.20,43860.8722951324
Sichuan,2025.11.19.20,38819.8735332645
Tianjin,2025.11.19.20,16770.9941498723
Tibet,2025.11.19.20,771.933743604621
West_Inner_Mongolia,2025.11.19.20,33615.985189604
Xinjiang,2025.11.19.20,22402.1354724056
Yunnan,2025.11.19.20,28845.6728967437
Zhejiang,2025.11.19.20,63546.264019594
Anhui,2025.12.16.00,26559.8685288918
Beijing,2025.12.16.00,14161.1744439436
Chongqing,2025.12.16.00,18287.4478020668
East_Inner_Mongolia,2025.12.16.00,11144.7449466511
Fujian,2025.12.16.00,29451.1119040519
Gansu,2025.12.16.00,20372.0172669929
Guangdong,2025.12.16.00,74480.7591435986
Guangxi,2025.12.16.00,25725.8696649817
Guizhou,2025.12.16.00,23777.6096002224
Hainan,2025.12.16.00,4577.22934222016
Hebei,2025.12.16.00,83517.7643721137
Heilongjiang,2025.12.16.00,16110.9645154688
Henan,2025.12.16.00,56641.3599938179
Hubei,2025.12.16.00,33835.4081789624
Hunan,2025.12.16.00,34891.1882292968
Jiangsu,2025.12.16.00,83106.482136663
Jiangxi,2025.12.16.00,16746.9058621289
Jilin,2025.12.16.00,13652.1266932057
Liaoning,2025.12.16.00,45083.3802526054
Ningxia,2025.12.16.00,13288.8168462337
Qinghai,2025.12.16.00,10347.0397209264
Shaanxi,2025.12.16.00,24259.3406585187
Shandong,2025.12.16.00,81288.4751010688
Shanghai,2025.12.16.00,24772.9999635921
Shanxi,2025.12.16.00,40932.585770765
Sichuan,2025.12.16.00,34362.0921986449
Tianjin,2025.12.16.00,14639.2677710302
Tibet,2025.12.16.00,922.102530642432
West_Inner_Mongolia,2025.12.16.00,32168.560670837
Xinjiang,2025.12.16.00,25475.9967829922
Yunnan,2025.12.16.00,23384.8854284413
Zhejiang,2025.12.16.00,60951.8240847947
Anhui,2025.12.16.04,22777.6045686814
Beijing,2025.12.16.04,12367.6744617021
Chongqing,2025.12.16.04,14749.3033358934
East_Inner_Mongolia,2025.12.16.04,10758.411447395
Fujian,2025.12.16.04,26717.8800431058
Gansu,2025.12.16.04,19367.04340647
Guangdong,2025.12.16.04,64848.0486584943
Guangxi,2025.12.16.04,21913.3632598937
Guizhou,2025.12.16.04,20868.9748495206
Hainan,2025.12.16.04,3790.82527156033
Hebei,2025.12.16.04,72736.7129080697
Heilongjiang,2025.12.16.04,15461.8551662276
Henan,2025.12.16.04,50896.092711851
Hubei,2025.12.16.04,30524.7440717845
Hunan,2025.12.16.04,26757.1719033746
Jiangsu,2025.12.16.04,76431.7395333352
Jiangxi,2025.12.16.04,15071.269052244
Jilin,2025.12.16.04,12885.4380691959
Liaoning,2025.12.16.04,41822.5448106399
Ningxia,2025.12.16.04,12813.0560736173
Qinghai,2025.12.16.04,10185.0259660083
Shaanxi,2025.12.16.04,20363.4695544206
Shandong,2025.12.16.04,74262.0127054087
Shanghai,2025.12.16.04,21570.5451277039
Shanxi,2025.12.16.04,38788.5607967853
Sichuan,2025.12.16.04,28579.9550385173
Tianjin,2025.12.16.04,13929.6625313078
Tibet,2025.12.16.04,781.848561741718
West_Inner_Mongolia,2025.12.16.04,31176.3359805634
Xinjiang,2025.12.16.04,24121.0564347299
Yunnan,2025.12.16.04,21345.5490957538
Zhejiang,2025.12.16.04,53187.3439135978
Anhui,2025.12.16.08,23966.8037496921
Beijing,2025.12.16.08,16768.5208568818
Chongqing,2025.12.16.08,15293.2743397579
East_Inner_Mongolia,2025.12.16.08,12340.7570501442
Fujian,2025.12.16.08,27845.4871976808
Gansu,2025.12.16.08,21100.6149538926
Guangdong,2025.12.16.08,71392.3314923569
Guangxi,2025.12.16.08,24857.0100216198
Guizhou,2025.12.16.08,27637.4110111011
Hainan,2025.12.16.08,4013.03653852604
Hebei,2025.12.16.08,85161.4485337279
Heilongjiang,2025.12.16.08,20077.1049316274
Henan,2025.12.16.08,52592.2599923587
Hubei,2025.12.16.08,30677.3479187384
Hunan,2025.12.16.08,28686.9681486355
Jiangsu,2025.12.16.08,83840.3523100834
Jiangxi,2025.12.16.08,15087.1617541421
Jilin,2025.12.16.08,16468.6606327667
Liaoning,2025.12.16.08,45131.0095082043
Ningxia,2025.12.16.08,12873.1204186263
Qinghai,2025.12.16.08,10402.5004072789
Shaanxi,2025.12.16.08,21988.4467558943
Shandong,2025.12.16.08,81080.6219645223
Shanghai,2025.12.16.08,27013.0491463979
Shanxi,2025.12.16.08,41132.6822052703
Sichuan,2025.12.16.08,29639.7404161411
Tianjin,2025.12.16.08,18885.6548628896
Tibet,2025.12.16.08,948.91746856891
West_Inner_Mongolia,2025.12.16.08,32261.2208609082
Xinjiang,2025.12.16.08,24706.910441199
Yunnan,2025.12.16.08,25601.4682188753
Zhejiang,2025.12.16.08,67127.9943887682
Anhui,2025.12.16.12,28323.4873798012
Beijing,2025.12.16.12,20975.5383710667
Chongqing,2025.12.16.12,19169.3681363785
East_Inner_Mongolia,2025.12.16.12,12953.581519529
Fujian,2025.12.16.12,33276.3984575934
Gansu,2025.12.16.12,22427.4881706235
Guangdong,2025.12.16.12,83195.6275799871
Guangxi,2025.12.16.12,30154.5872594297
Guizhou,2025.12.16.12,31773.8497159447
Hainan,2025.12.16.12,4367.83019196436
Hebei,2025.12.16.12,106717.531926936
Heilongjiang,2025.12.16.12,20696.7138549063
Henan,2025.12.16.12,63479.9637932593
Hubei,2025.12.16.12,36105.7018341341
Hunan,2025.12.16.12,35865.8243070973
Jiangsu,2025.12.16.12,96997.8198744557
Jiangxi,2025.12.16.12,18091.6131475564
Jilin,2025.12.16.12,17413.539126862
Liaoning,2025.12.16.12,47330.7381120681
Ningxia,2025.12.16.12,13029.4613457525
Qinghai,2025.12.16.12,10266.2552905273
Shaanxi,2025.12.16.12,27984.3940515849
Shandong,2025.12.16.12,88805.3710749699
Shanghai,2025.12.16.12,33221.6154023819
Shanxi,2025.12.16.12,46330.0458535897
Sichuan,2025.12.16.12,42217.9737862002
Tianjin,2025.12.16.12,19693.7433390102
Tibet,2025.12.16.12,1101.14694936008
West_Inner_Mongolia,2025.12.16.12,33530.9264629449
Xinjiang,2025.12.16.12,26234.7453714991
Yunnan,2025.12.16.12,29144.8391219253
Zhejiang,2025.12.16.12,72719.3973444454
Anhui,2025.12.16.16,28919.3524015537
Beijing,2025.12.16.16,20781.7094900717
Chongqing,2025.12.16.16,20479.6799578108
East_Inner_Mongolia,2025.12.16.16,12762.2992375439
Fujian,2025.12.16.16,33817.0577752524
Gansu,2025.12.16.16,21559.4806975539
Guangdong,2025.12.16.16,90519.2500138521
Guangxi,2025.12.16.16,31482.6222229762
Guizhou,2025.12.16.16,29494.0403781239
Hainan,2025.12.16.16,4249.31982473882
Hebei,2025.12.16.16,105808.926133567
Heilongjiang,2025.12.16.16,21476.2221887914
Henan,2025.12.16.16,63017.8829313174
Hubei,2025.12.16.16,37759.8831608814
Hunan,2025.12.16.16,35104.2236927385
Jiangsu,2025.12.16.16,98851.4253868485
Jiangxi,2025.12.16.16,18812.810961942
Jilin,2025.12.16.16,18257.8747576646
Liaoning,2025.12.16.16,48867.9099712798
Ningxia,2025.12.16.16,13243.4955785531
Qinghai,2025.12.16.16,10578.1937295195
Shaanxi,2025.12.16.16,28300.0912210492
Shandong,2025.12.16.16,89235.9176532374
Shanghai,2025.12.16.16,32808.9184681484
Shanxi,2025.12.16.16,44990.9324107345
Sichuan,2025.12.16.16,43080.5485921763
Tianjin,2025.12.16.16,20000.6285877483
Tibet,2025.12.16.16,1024.4853264625
West_Inner_Mongolia,2025.12.16.16,33538.5006972218
Xinjiang,2025.12.16.16,26023.8680009725
Yunnan,2025.12.16.16,27815.1785690979
Zhejiang,2025.12.16.16,78424.690281083
Anhui,2025.12.16.20,30333.5926222737
Beijing,2025.12.16.20,20395.2197617951
Chongqing,2025.12.16.20,18736.0985365343
East_Inner_Mongolia,2025.12.16.20,13289.1368810158
Fujian,2025.12.16.20,32673.5154103399
Gansu,2025.12.16.20,22045.3428790071
Guangdong,2025.12.16.20,83398.5711649731
Guangxi,2025.12.16.20,31092.9975803541
Guizhou,2025.12.16.20,32329.3143987803
Hainan,2025.12.16.20,4669.94956919828
Hebei,2025.12.16.20,71684.7920217794
Heilongjiang,2025.12.16.20,21248.4049165901
Henan,2025.12.16.20,60635.187065628
Hubei,2025.12.16.20,35391.4973206956
Hunan,2025.12.16.20,36057.15112059
Jiangsu,2025.12.16.20,95746.7805863364
Jiangxi,2025.12.16.20,18906.8223105695
Jilin,2025.12.16.20,17763.5544771114
Liaoning,2025.12.16.20,47845.3227196353
Ningxia,2025.12.16.20,14133.6975927103
Qinghai,2025.12.16.20,10489.0897790792
Shaanxi,2025.12.16.20,27481.4267923258
Shandong,2025.12.16.20,83729.9644892486
Shanghai,2025.12.16.20,30336.5630707956
Shanxi,2025.12.16.20,47017.1129921056
Sichuan,2025.12.16.20,39275.2380091631
Tianjin,2025.12.16.20,18365.520387366
Tibet,2025.12.16.20,1067.18952523445
West_Inner_Mongolia,2025.12.16.20,34287.2712162149
Xinjiang,2025.12.16.20,26557.3705645179
Yunnan,2025.12.16.20,28924.1493527473
Zhejiang,2025.12.16.20,69642.66324329
